Draw,Date,Winning Number 1,2,3,4,5,6,7,Powerball ,From Last,Same As Day,Odd,Even, 1-10, 11-20, 21-30, 31-40,Division 1 Winners,Division 1 Prize,Division 2 Winners,Division 2 Prize,Division 3 Winners,Division 3 Prize,Division 4 Winners,Division 4 Prize,Division 5 Winners,Division 5 Prize,Division 6 Winners,Division 6 Prize,Division 7 Winners,Division 7 Prize,Division 8 Winners,Division 8 Prize,Division 9 Winners,Division 9 Prize
1421,2023-08-10,9,10,11,16,18,23,24,9,"18,23",10,3,4,2,3,2,0,0,0,1,264052.6,30,10942.7,597,478.15,1260,169.9,18278,73.4,23134,45.05,116212,19.05,331747,11.45
1420,2023-08-03,1,7,13,18,23,25,33,7,"18,33",,6,1,2,2,2,1,2,50000000,49,40880.9,268,9292.6,4771,453.9,10194,159.35,144837,70.25,183325,43.1,879573,19.1,2493416,11.55
1419,2023-07-27,4,14,16,18,19,22,33,18,"4,14",,2,5,1,4,1,1,0,0,8,134969.6,128,10487.5,2392,488,4993,175.35,72309,75.85,94915,44.9,448183,20.2,1286967,12.1
1418,2023-07-20,4,7,9,14,27,29,32,17,"27,29",,4,3,3,1,2,1,0,0,13,59760.5,118,8185.25,2107,398.6,3817,165.05,53595,73.65,72280,42.4,329282,19.75,936166,11.95
1417,2023-07-13,3,11,17,19,27,29,30,15,17,,6,1,1,3,3,0,0,0,2,259121.05,58,11108.65,1200,466.9,2613,160.8,37300,70.6,52331,39.1,223117,19.45,621126,12
1416,2023-07-06,7,10,12,16,17,20,28,20,28,,2,5,2,4,1,0,0,0,5,79522.2,54,9154.2,883,486.8,2161,149.2,29400,68.7,38161,41.1,176763,18.85,487744,11.75
1415,2023-06-29,1,3,5,8,18,24,28,2,"3,5",,3,4,4,1,2,0,0,0,1,249394.55,44,7046.75,780,345.65,1331,151.9,17303,73.25,26996,36.45,101723,20.55,286855,12.5
1414,2023-06-22,3,4,5,6,14,22,23,17,,22,3,4,4,1,2,0,1,100000000,10,216070,214,12552.7,4732,493.65,9866,177.55,145034,75.7,192208,44.35,905717,20,2610159,11.9
1413,2023-06-15,2,9,11,13,20,25,31,2,20,,5,2,2,3,1,1,0,0,4,280009.5,141,9875.75,2615,463.05,5247,173.1,76418,74.45,100617,43.95,467542,20.05,1328252,12.15
1412,2023-06-08,12,15,17,20,21,22,28,11,28,,3,4,0,4,3,0,0,0,4,179969.35,85,10529.2,1485,524.05,3366,173.4,48829,74.9,63649,44.65,307940,19.6,889948,11.65
1411,2023-06-01,6,14,19,23,28,31,34,3,,,3,4,1,2,2,2,0,0,12,43300.6,66,9787.85,1254,447.95,2296,183.5,33975,77.7,45439,45.1,213977,20.35,621735,12.05
1410,2023-05-25,8,12,17,20,27,29,30,6,20,,3,4,1,3,3,0,0,0,2,197136.45,52,9426.5,837,509.25,1770,180.6,26337,76.05,34171,45.55,162623,20.3,469576,12.1
1409,2023-05-18,3,6,7,11,19,20,33,18,3,,5,2,3,3,0,1,0,0,0,0,36,9885.4,663,370.2,1321,139.35,17570,67.75,25399,36.7,107456,17.15,300386,10.75
1408,2023-05-11,3,8,9,12,15,18,28,14,18,,3,4,3,3,1,0,1,4273177.93,24,9170.95,35,3843.05,840,291.15,1355,135.35,18211,65.15,26534,35,109181,16.8,305477,10.55
1407,2023-05-04,2,13,18,20,31,34,35,9,,,3,4,1,3,0,3,1,20053292.21,25,19035.15,78,3728.4,1295,408.3,2287,173.4,33102,77.45,43954,45.7,210557,18.85,629606,11.05
1406,2023-04-27,6,16,19,27,28,30,33,17,30,27,3,4,1,2,3,1,0,0,5,61631.9,38,4955.8,709,482.95,1478,173.75,22256,74.6,28165,46.2,139228,18.45,406631,11.05
1405,2023-04-20,1,12,13,18,24,30,32,6,12,,2,5,1,3,2,1,0,0,4,61846.75,28,5399.3,515,533.75,1237,166.65,17048,78.2,22006,47.45,109247,18.85,323397,11.2
1404,2023-04-13,5,12,15,19,27,29,33,4,"12,33",,6,1,1,3,2,1,1,30000000,2,281829.15,73,4718.6,1518,412.55,3015,155.8,41839,72.6,57663,41.25,260035,18.05,747746,11
1403,2023-04-06,6,12,17,21,24,30,33,10,"6,12",6,3,4,1,2,3,1,0,0,3,155835.35,69,4140.55,1463,355.05,2411,161.6,33660,74.85,46371,42.55,213591,18.25,625929,10.9
1402,2023-03-30,5,6,7,11,12,13,35,15,"5,7",,5,2,3,3,0,1,0,0,3,97136.9,30,5936.15,674,480.4,1502,161.7,22283,70.45,29380,41.9,141077,17.2,399738,10.65
1401,2023-03-23,4,5,7,18,19,25,26,15,,,4,3,3,2,2,0,1,10626529.3,20,14753.2,35,5151.9,706,464.35,1558,157.8,23029,69.05,30679,40.6,142149,17.3,400487,10.75
1400,2023-03-16,3,17,22,28,29,32,34,18,17,,3,4,1,1,3,2,0,0,1,251079.9,31,4949.6,611,456.6,1206,173.5,17466,77.45,23540,45.05,110655,18.9,326067,11.25
1399,2023-03-09,7,10,17,20,27,30,33,1,,,4,3,2,2,2,1,1,4624844.58,6,39679.4,43,3383.5,963,274.7,1291,153.7,17172,74.7,26949,37.3,105982,18.7,301756,11.55
1398,2023-03-02,13,14,16,18,19,21,29,18,,,4,3,0,5,2,0,1,40000000,6,115066.75,82,5145.25,1544,496.85,3342,172.15,50772,73.3,64916,44.9,317024,18.15,921656,10.95
1397,2023-02-23,3,5,6,11,24,26,30,9,5,,3,4,3,1,3,0,0,0,4,124736.35,66,4619.85,1172,473,2634,157.85,38325,70.15,51004,41.3,238076,17.45,683507,10.65
1396,2023-02-16,5,8,12,13,20,21,35,8,"8,35",,4,3,2,3,1,1,0,0,4,77737.35,52,3654.3,856,403.6,1783,145.35,25104,66.75,31183,42.1,156000,16.6,438456,10.35
1395,2023-02-09,3,8,11,16,28,32,35,13,35,,3,4,2,2,1,2,0,0,3,76222.2,35,3992.6,566,448.9,1271,149.95,18065,68.2,23843,40.5,110207,17.3,319018,10.45
1394,2023-02-02,2,7,15,21,24,31,35,18,"15,21,31",2,5,2,2,1,2,2,1,40000000,26,26183.75,75,5547.1,1540,491.2,3383,167.7,49370,74.3,65828,43.65,310273,18.3,900340,11.05
1393,2023-01-26,1,15,21,28,30,31,33,16,"21,30",,5,2,1,1,3,2,0,0,1,478355.25,41,7129.95,851,624.55,2155,185,32949,78.25,41435,48.75,206870,19.25,611962,11.4
1392,2023-01-19,3,19,21,30,32,34,35,1,"3,30,34",19,4,3,1,1,2,3,0,0,4,81683.15,36,5546.4,711,510.6,1466,185.75,22010,80,29952,46.05,139185,19.55,411625,11.6
1391,2023-01-12,3,10,18,22,29,30,34,5,,,2,5,2,1,3,1,0,0,0,0,31,13110.4,602,465.6,1222,172.05,17911,75.9,23758,44.85,115654,18.2,337048,10.95
1390,2023-01-05,5,7,9,13,21,27,35,6,9,5,7,0,3,1,2,1,1,4574542.86,23,10227.35,27,5324.1,735,355.6,1467,133.6,19540,64.85,29172,34.05,114472,17.1,317001,10.85
1389,2022-12-29,4,6,9,22,23,24,26,18,23,,2,5,3,0,4,0,3,33333333.34,33,47444.2,187,5116.55,3555,489.35,7949,164.15,117341,71.9,153881,42.95,733654,17.8,2099107,10.9
1388,2022-12-22,5,7,18,21,23,28,31,4,"7,21",,5,2,2,1,3,1,0,0,3,287740.4,85,6206.15,1980,484.4,4680,153.7,66003,70.5,90528,40.25,407066,17.65,1159933,10.85
1387,2022-12-15,1,7,19,21,22,26,34,2,"19,21",,4,3,2,1,3,1,0,0,3,189907.35,80,4352.05,1275,496.5,2752,172.5,40850,75.15,53746,44.75,259017,18.35,748110,11.15
1386,2022-12-08,4,10,14,18,19,21,35,11,4,,3,4,2,3,1,1,0,0,2,218488.6,56,4768.6,968,501.6,2308,157.8,33185,70.95,41598,44.35,207267,17.55,604033,10.55
1385,2022-12-01,2,4,5,7,8,29,34,15,,,3,4,5,0,1,1,0,0,3,95726.15,31,5661.2,636,501.7,1435,166.75,21167,73.1,29153,41.6,132499,18.05,382922,10.95
1384,2022-11-24,6,9,14,25,27,31,33,15,"6,14,33",,5,2,2,1,2,2,1,50000000,26,31222.55,96,5167.6,2067,436.35,4060,166.6,58575,74.7,77760,44.1,368453,18.35,1072162,11.05
1383,2022-11-17,1,5,6,7,14,19,33,17,"5,14",,5,2,4,2,0,1,0,0,7,83057.8,68,5225.05,1344,480.65,2899,167.15,43254,72.45,56414,43.5,271405,17.85,781431,10.85
1382,2022-11-10,3,5,14,15,17,22,32,7,"22,32",,4,3,2,3,1,1,0,0,5,100853.35,58,5313.15,1026,546.1,2454,171.25,37222,73,46912,45.4,239404,17.55,706215,10.45
1381,2022-11-03,2,6,8,12,22,24,32,2,"2,12",,0,7,3,1,2,1,0,0,3,102562.3,60,3133.85,1013,337.5,1887,135.9,23470,70.65,33055,39.3,139344,18.4,397042,11.3
1380,2022-10-27,2,4,7,10,12,18,34,7,,,1,6,4,2,0,1,3,53333333.34,42,77258.2,442,4486.35,7595,474.7,17958,150.6,257447,67.9,330859,41.4,1581260,17.1,4487999,10.55
1379,2022-10-20,6,11,14,17,24,25,33,18,25,,4,3,1,3,2,1,0,0,15,139057.9,278,4585.25,4835,479.35,10746,161.75,155487,72.3,206083,42.75,971564,17.9,2790042,10.9
1378,2022-10-13,1,13,16,18,25,31,35,2,35,13,5,2,1,3,1,2,0,0,8,110500.85,102,5296.35,2051,478.9,4207,175.1,62638,76.05,82498,45.25,393268,18.75,1149143,11.25
1377,2022-10-06,3,4,6,14,17,28,35,10,35,6,3,4,3,2,1,1,0,0,7,77169.25,64,5158,1305,459.95,2592,173.65,39067,74.5,50137,45.5,250312,18,729526,10.8
1376,2022-09-29,9,12,15,16,19,20,35,4,"15,35",,4,3,1,5,0,1,0,0,3,136268.45,43,5809.9,810,560.8,1988,171.35,29439,74.85,37517,46,187256,18.2,547774,10.9
1375,2022-09-22,10,15,21,24,26,28,35,8,"10,35",,3,4,1,1,4,1,0,0,1,257971.35,35,4504.25,705,406.55,1290,166.65,19276,72.1,23883,45.6,120818,17.8,355602,10.6
1374,2022-09-15,2,9,10,13,22,31,35,15,"13,31",,4,3,3,1,1,2,1,8000000,2,142272.2,38,4576,886,356.85,1430,165.8,20542,74.65,27634,43.5,129607,18.3,378428,11
1373,2022-09-08,13,15,21,23,25,30,31,10,15,,6,1,0,2,4,1,1,40000000,2,349847.55,73,5857.4,1514,513.5,3303,176.55,49778,75.75,64773,45.6,320523,18.2,936313,10.9
1372,2022-09-01,3,4,10,12,15,26,34,20,"4,12",,2,5,3,2,1,1,0,0,3,150770.25,59,4684.95,950,529,2273,165.85,32617,74.75,43555,43.85,207921,18.15,603618,10.95
1371,2022-08-25,4,8,12,16,25,31,32,17,4,25,2,5,2,2,1,2,0,0,2,144820.5,26,6807.8,753,427.4,1484,162.65,21029,74.2,28075,43.55,131474,18.35,381946,11.1
1370,2022-08-18,1,2,4,20,22,23,27,20,"22,23",,3,4,3,1,3,0,0,0,2,113992.4,22,6332.9,495,511.75,1203,157.95,17358,70.8,21292,45.2,109994,17.25,314419,10.6
1369,2022-08-11,5,9,18,22,23,28,30,3,23,,3,4,2,1,4,0,1,20000000,22,20424.7,48,5720.8,1057,472.35,2339,160.1,34012,71.2,43952,43.15,214630,17.45,615994,10.65
1368,2022-08-04,6,11,13,17,21,23,32,15,23,,5,2,1,3,2,1,0,0,3,92357.6,30,5644.1,667,461.55,1530,150.9,21301,70.1,30127,38.85,129751,17.8,365964,11.05
1367,2022-07-28,5,9,10,19,23,24,34,13,"9,24",,4,3,3,1,2,1,0,0,0,0,25,14186.5,565,432.9,1128,162.65,17489,67.85,21621,43,108798,16.85,313599,10.25
1366,2022-07-21,2,7,8,9,24,25,26,9,26,,3,4,4,0,3,0,1,4645690.25,3,79597.95,46,3172.4,680,390.2,1385,143.7,20348,63.25,24738,40.75,121374,16.4,338440,10.3
1365,2022-07-14,1,6,17,20,26,33,35,5,6,,4,3,2,2,1,2,1,10467587.98,1,310006.05,33,5740.85,615,560.1,1465,176.35,21693,77,28707,45.6,140165,18.45,414520,10.95
1364,2022-07-07,3,6,13,14,16,28,30,11,"6,16",,2,5,2,3,2,0,0,0,3,76284.15,19,7360.75,519,489.95,1200,158.95,17806,69.25,21968,44,110293,17.3,319697,10.45
1363,2022-06-30,1,6,11,16,17,22,29,2,22,,4,3,2,3,2,0,1,60000000,24,36924.15,130,4165.8,2503,393.4,4716,156.6,66382,71.95,92013,40.65,415441,17.8,1181572,10.95
1362,2022-06-23,2,7,9,10,22,31,35,19,,,4,3,4,0,1,2,0,0,1,654795.05,74,5407.45,1419,512.7,3409,160.05,50325,70.1,64466,42.9,322817,16.9,900736,10.6
1361,2022-06-16,3,6,12,15,18,28,29,15,"3,6",,3,4,2,3,2,0,0,0,8,59787.1,83,3521.6,1435,370.35,2703,147.45,37401,68.9,51242,39.4,225017,17.7,639729,10.9
1360,2022-06-09,2,3,6,13,20,23,34,12,6,,3,4,3,2,1,1,0,0,3,103525.85,33,5751.45,701,492.3,1635,158.3,22675,73.8,30246,43.35,144353,17.95,416547,10.9
1359,2022-06-02,6,8,11,15,21,31,33,7,"21,33",,5,2,2,2,1,2,0,0,2,120213.15,37,3971,635,420.7,1265,158.4,18700,69.3,23653,42.9,115068,17.4,335014,10.5
1358,2022-05-26,10,13,16,19,21,25,33,18,,,5,2,1,3,2,1,1,4662065.18,2,119724.05,37,3954.85,551,482.85,1262,158.1,17538,73.6,24357,41.5,108166,18.45,311784,11.2
1357,2022-05-19,5,8,11,15,27,28,34,3,,,4,3,2,2,2,1,2,40000000,8,166104.6,190,4274.05,3473,425.15,7482,148,103131,69.45,143303,39.15,632819,17.5,1806211,10.75
1356,2022-05-12,4,7,9,14,16,18,22,10,16,,2,5,3,3,1,0,0,0,10,95476.55,124,4705.4,2629,403.5,5226,152.25,74963,68.65,102676,39.25,459820,17.3,1295874,10.75
1355,2022-05-05,2,12,16,17,26,30,35,19,"12,16",,2,5,1,3,2,1,0,0,7,94455.1,70,5772.25,1564,469.75,3314,166.25,47679,74.75,62386,44.75,306225,18,906496,10.65
1354,2022-04-28,1,7,12,16,19,24,25,7,"19,25",,4,3,2,3,2,0,0,0,3,149481.2,75,3654,1067,467,2831,132,37736,64.05,47076,40.2,228654,16.35,642813,10.2
1353,2022-04-21,15,17,19,22,25,28,29,6,,,5,2,0,3,4,0,0,0,3,92040.4,40,4218.5,740,414.6,1444,159.35,20764,71.65,27970,41.7,129099,17.8,367932,10.95
1352,2022-04-14,2,3,5,11,14,20,31,4,"3,5",14,4,3,3,3,0,1,0,0,1,234798.8,25,5739.55,651,400.75,1181,165.7,17775,71.2,23575,42.05,110548,17.7,315535,10.85
1351,2022-04-07,3,5,7,10,15,30,34,12,"10,34",7,4,3,4,1,1,1,1,20000000,4,122136.95,64,4664.95,1219,445.3,2519,161.6,37386,70.4,47460,43.45,232944,17.5,673599,10.6
1350,2022-03-31,6,10,13,26,27,28,34,11,28,,2,5,2,1,3,1,0,0,2,154478.05,38,4968.6,712,482.15,1567,164.3,23663,70.35,28463,45.85,148787,17.3,430925,10.5
1349,2022-03-24,4,5,9,21,23,28,32,20,23,,4,3,3,0,3,1,0,0,1,220586.35,25,5392.1,416,589.15,1029,178.65,16263,73.1,20651,45.1,102324,17.95,298596,10.8
1348,2022-03-17,2,7,13,17,19,23,25,13,"13,19",17,6,1,2,3,2,0,2,10000000,25,18612.15,94,3025.05,1557,332.05,3362,115.35,44104,56.85,59459,33.05,243290,15.95,654825,10.4
1347,2022-03-10,5,13,15,16,19,29,35,16,,,6,1,1,4,1,1,0,0,1,299978.15,40,4583,812,410.5,1511,165.45,21960,73.6,30280,41.85,135463,18.45,387402,11.3
1346,2022-03-03,2,4,12,18,24,27,28,4,"27,28",,1,6,2,2,3,0,0,0,0,0,33,10980.55,513,487.15,1275,147,18293,66.25,23594,40.25,108200,17.3,303457,10.85
1345,2022-02-24,6,9,15,27,28,32,33,8,6,,4,3,2,1,2,2,2,63309056.98,36,77385.9,349,4878.2,6640,466.2,14200,163.5,204888,73.25,272364,43.2,1293782,17.95,3765831,10.8
1344,2022-02-17,6,7,13,22,24,30,34,10,,,2,5,2,1,3,1,0,0,18,73329.7,174,4635.8,3255,450.55,6800,161.75,97464,73,125846,44.3,609656,18.05,1768960,10.9
1343,2022-02-10,3,5,16,19,26,31,32,6,"16,26,31",,4,3,2,2,1,2,0,0,7,128580.25,116,4741.7,2453,407.7,4407,170.2,65041,74.55,84169,45.15,411201,18.25,1198178,11
1342,2022-02-03,11,16,18,21,22,26,31,8,,,3,4,0,3,3,1,0,0,2,320547.15,81,4836.8,1590,448,3449,154.9,48189,71.7,66973,40.4,302483,17.65,869615,10.75
1341,2022-01-27,4,10,15,25,27,28,32,18,25,27,3,4,2,1,3,1,0,0,1,392680.55,44,5453.9,780,559.35,1934,169.2,28326,74.7,38214,43.4,177708,18.4,516309,11.1
1340,2022-01-20,11,14,25,26,31,34,35,1,,,4,3,0,2,2,3,0,0,3,88452.1,33,4914,587,502.3,1155,191.45,17386,82.25,22855,49,113095,19.55,333036,11.65
1339,2022-01-13,2,9,13,24,28,29,33,13,"28,29",13,4,3,2,1,3,1,0,0,0,0,31,10708.15,521,439.4,1099,156.25,16660,66.65,19498,44.6,103577,16.6,295646,10.2
1338,2022-01-06,5,15,20,27,28,29,34,8,,,4,3,1,2,3,1,1,60000000,4,216329.2,117,4519.7,2168,443.5,4292,168,62278,74.9,80436,45.4,396974,18.15,1161870,10.9
1337,2021-12-30,16,18,19,23,26,32,35,10,16,,3,4,0,3,2,2,0,0,2,259329.05,75,4226.1,1258,458.1,2608,165.75,37594,74.35,48994,44.7,235303,18.35,688159,11
1336,2021-12-23,3,10,13,16,20,29,33,19,"3,33",,4,3,2,3,1,1,0,0,6,77120.8,65,4350.4,1183,434.6,2455,157.05,34524,72.25,45359,43.05,218020,17.7,635023,10.65
1335,2021-12-16,3,18,25,30,32,33,34,6,"25,34",,3,4,1,1,2,3,0,0,2,152144.9,34,5469.25,649,520.95,1340,189.25,20262,80.95,25853,49.7,129873,19.5,391318,11.35
1334,2021-12-09,4,9,14,25,28,29,34,3,4,9,3,4,2,1,3,1,0,0,1,215387.1,30,4387.5,441,542.65,1031,174.1,15419,75.3,20054,45.35,97084,18.5,285728,11
1333,2021-12-02,4,5,19,26,27,30,33,8,,,4,3,2,1,3,1,1,80000000,14,89207.7,142,5374.8,2732,507.95,6219,167.35,91572,73.5,117336,44.95,581780,17.9,1701221,10.75
1332,2021-11-25,3,9,16,17,21,22,34,9,"3,34",,4,3,2,2,2,1,0,0,4,231561.65,114,4965.25,2318,444,4923,156.8,69927,71.4,91696,42.65,438338,17.6,1266791,10.7
1331,2021-11-18,1,3,5,8,13,19,34,11,"1,3",,5,2,4,2,0,1,0,0,2,326501.65,107,3729.5,2028,357.75,3771,144.3,51569,68.25,70068,39.35,317707,17.15,903702,10.55
1330,2021-11-11,1,2,3,4,15,17,20,16,15,,4,3,4,3,0,0,0,0,3,157668.8,59,4899.3,1065,493.5,2280,172.9,33511,76.05,45323,44.05,210873,18.7,622100,11.1
1329,2021-11-04,8,12,15,18,27,30,34,8,15,,2,5,1,3,2,1,0,0,3,95467.25,38,4605.9,670,474.95,1546,154.4,22382,68.95,28503,42.45,138600,17.2,397664,10.5
1328,2021-10-28,9,10,14,15,23,26,29,3,,,4,3,2,2,3,0,0,0,2,107331.7,19,6904.4,433,550.85,1036,172.65,16098,71.85,20948,43.25,100206,17.85,290757,10.8
1327,2021-10-21,2,7,11,17,27,28,30,11,"17,27",,4,3,2,2,3,0,1,60000000,23,41279.9,154,3767.6,2818,374.35,6356,124.5,85447,59.9,116992,34.25,482032,16.4,1329280,10.45
1326,2021-10-14,12,17,20,22,23,27,32,17,27,,3,4,0,3,3,1,0,0,4,168109.5,94,4371.65,1657,450.9,3531,158.7,52134,69.5,67404,42.1,319218,17.55,904048,10.85
1325,2021-10-07,4,13,18,25,27,29,34,13,"18,25,27",,4,3,1,2,3,1,0,0,4,120554.45,66,4465,1138,470.8,2530,158.85,38036,68.3,46811,43.5,235725,17.05,673546,10.45
1324,2021-09-30,2,7,14,18,24,25,27,20,"14,24",,3,4,2,2,3,0,0,0,0,0,44,10961.5,809,411.15,1693,147.35,23558,68.5,31862,39.65,143881,17.35,405616,10.8
1323,2021-09-23,3,8,10,14,21,23,24,5,8,23,3,4,3,1,3,0,0,0,2,109416.75,23,5814.4,526,462.25,1200,151.95,17434,67.65,21871,42.25,106825,17.05,301893,10.6
1322,2021-09-16,1,8,9,22,30,31,32,9,8,,3,4,3,0,2,2,1,9929133.09,1,288490.35,31,5687.1,543,590.3,1407,170.85,20548,75.65,24996,48.75,132907,18.1,396237,10.65
1321,2021-09-09,2,3,6,8,17,20,23,2,17,,3,4,4,2,1,0,0,0,2,111111.05,32,4243.8,679,363.65,1254,147.7,17331,69.1,23724,39.55,105628,17.55,290559,11.15
1320,2021-09-02,4,5,12,14,17,25,28,10,"14,25,28",,3,4,2,3,2,0,1,20507103.16,27,18199.85,53,5666,1193,457.65,2572,159.2,37544,70.55,50071,41.45,232852,17.6,665318,10.8
1319,2021-08-26,10,11,14,25,27,28,32,6,10,,3,4,1,2,3,1,0,0,2,166397.6,42,4842.25,809,457.05,1610,172.25,23743,75.55,30745,45.7,151970,18.25,443332,10.95
1318,2021-08-19,2,7,8,9,10,26,30,3,"10,26",,2,5,5,0,2,0,0,0,4,57585.25,28,5027.3,592,432.3,1298,147.9,18070,68.7,24922,39,113885,16.85,320169,10.5
1317,2021-08-12,4,10,17,19,21,23,26,7,"10,21",,4,3,2,2,3,0,1,80000000,13,109858.6,219,3985.25,3837,413.55,8269,143.95,115376,66.7,150422,40.1,704784,16.9,2003946,10.4
1316,2021-08-05,7,10,11,12,16,21,25,18,7,,4,3,2,3,2,0,0,0,7,130228.2,119,4681.4,2168,467.2,5094,149.15,71252,68.95,97594,39.45,436559,17.4,1239777,10.75
1315,2021-07-29,4,7,22,23,26,33,35,17,,,4,3,2,0,3,2,0,0,5,130455.35,61,6534.65,1485,488.05,3268,166.35,48998,71.75,63812,43.15,305483,17.8,873078,10.9
1314,2021-07-22,13,15,16,20,25,28,29,11,"16,25",,4,3,0,4,3,0,0,0,6,77857.3,55,5190.5,1022,507.9,2421,160.8,34421,73.15,43581,45.25,217931,17.85,638440,10.7
1313,2021-07-15,3,11,16,17,25,26,32,2,"17,32",,4,3,1,3,2,1,0,0,3,98683.15,43,4207.4,692,475.35,1395,176.85,20967,76.1,27807,44.95,134535,18.35,389363,11.1
1312,2021-07-08,7,8,9,15,17,19,32,6,"17,19",8,5,2,3,3,0,1,0,0,2,103425.35,20,6320.45,528,435.3,1104,156.15,15991,69.7,21900,39.9,98923,17.45,278065,10.85
1311,2021-07-01,11,13,16,17,18,19,20,15,13,,4,3,0,7,0,0,1,60000000,24,36838.9,110,4911.85,2225,441.5,4310,170.95,64439,73.95,86727,43.05,411625,17.9,1194660,10.8
1310,2021-06-24,8,13,21,28,30,31,33,15,13,,4,3,1,1,3,2,0,0,3,211397.95,67,5784.5,1393,505.85,3174,166.5,45595,74.95,60448,44.3,287523,18.4,832427,11.15
1309,2021-06-17,4,10,12,13,20,26,34,1,13,,1,6,2,3,1,1,0,0,6,69991.3,67,3830.35,1127,414.05,2021,173.15,29752,76.05,41574,42.65,186696,18.75,537297,11.4
1308,2021-06-10,2,13,15,24,25,32,35,16,,,4,3,1,2,2,2,0,0,3,88958,36,4530.25,621,477.5,1227,181.25,18275,78.7,23575,47.8,115522,19.25,343660,11.35
1307,2021-06-03,1,11,12,14,17,19,28,11,12,,4,3,1,5,1,0,0,0,1,202037.5,31,3982.8,595,377.3,1188,141.7,17809,61.15,20905,40.8,106919,15.75,293061,10.05
1306,2021-05-27,2,5,6,10,12,24,25,20,"2,5",,2,5,4,1,2,0,1,9738691.4,8,36163.35,37,4778.35,858,374.65,1593,151.35,22615,68.95,30930,39.5,136973,17.6,388449,10.9
1305,2021-05-20,2,5,7,8,11,14,18,19,"5,7,8,11",,3,4,4,3,0,0,0,0,3,70530.6,47,2751.2,828,283.95,1435,122.9,20048,56.9,26155,34.15,114444,15.4,304015,10.15
1304,2021-05-13,5,7,8,11,12,19,25,20,25,,5,2,3,3,1,0,1,30000000,5,109132.7,87,3832.9,1801,336.65,3103,146.55,44803,65.65,63461,36.3,269066,16.9,747099,10.65
1303,2021-05-06,10,14,16,21,23,25,34,9,"10,14,23",,3,4,1,2,3,1,0,0,3,140955.1,58,4455.5,935,502.5,2062,170.9,29767,76.55,39984,44.65,191027,18.45,565613,10.9
1302,2021-04-29,3,10,14,15,23,30,35,15,"10,35",,4,3,2,2,2,1,0,0,0,0,35,12872.2,656,473.65,1402,166.2,20819,72.4,26080,45.25,128975,18.05,365473,11.2
1301,2021-04-22,10,17,19,21,26,31,35,1,"17,19",,5,2,1,2,2,2,2,40000000,43,31384.25,159,5186.85,3271,458.4,6468,173.85,96562,75.3,128444,44.35,608790,18.45,1760762,11.2
1300,2021-04-15,1,5,9,12,17,19,24,3,"12,24",,5,2,3,3,1,0,0,0,6,120658.25,100,4424.15,2041,394.1,4024,149.9,57279,68.1,76859,39.75,349236,17.25,986024,10.75
1299,2021-04-08,3,4,12,13,14,21,24,6,13,,3,4,2,3,2,0,0,0,2,238410.45,56,5203.4,1067,496.55,2421,164.15,35037,73.35,45937,43.85,220600,18,641645,10.85
1298,2021-04-01,1,7,13,23,25,26,27,15,25,1,6,1,2,1,4,0,0,0,3,141345,47,5513.45,1071,439.9,2221,159.1,32422,70.5,44142,40.55,199657,17.7,569741,10.85
1297,2021-03-25,10,12,14,15,16,21,25,5,16,25,3,4,1,4,2,0,0,0,0,0,31,13910,637,466.85,1317,169.35,18964,76.05,24090,46.9,122691,18.2,360069,10.85
1296,2021-03-18,6,16,18,29,30,33,35,4,,18,3,4,1,2,2,2,1,50000000,26,30636.75,88,5531.65,1666,531.25,3827,173.45,56221,76.35,75522,44.55,353373,18.8,1039743,11.2
1295,2021-03-11,1,8,14,17,19,21,26,20,1,,4,3,2,3,2,0,0,0,5,103324.35,65,4857.15,1186,484,2694,159.8,38997,71.4,52538,41.5,241343,17.85,692921,10.9
1294,2021-03-04,1,6,7,18,22,28,33,4,33,,3,4,3,1,2,1,0,0,2,211017.6,53,4866.25,1008,465.2,2121,165.8,31552,72.1,41466,42.95,195722,17.95,565691,10.9
1293,2021-02-25,11,17,19,20,23,25,33,3,"19,25",25,6,1,0,4,2,1,0,0,3,87191.45,40,3996.25,631,460.6,1435,151.9,21332,66.1,26385,41.85,128888,16.9,360579,10.6
1292,2021-02-18,3,13,16,19,22,25,30,10,16,,4,3,1,3,3,0,1,50000000,9,99074.45,125,4359.3,2228,444.7,4802,154.75,67702,70.95,91147,41.3,414590,17.9,1190360,10.95
1291,2021-02-11,1,7,16,20,26,29,32,14,29,,3,4,2,2,2,1,0,0,3,185924.2,65,5244,1171,529.25,2671,174,39262,76.55,52745,44.65,250522,18.55,731133,11.15
1290,2021-02-04,2,6,18,29,30,33,34,8,"6,30",,2,5,2,1,2,2,0,0,1,420539.7,49,5244.85,913,511.8,1935,181.1,29955,75.65,36654,48.45,193228,18.15,577294,10.65
1289,2021-01-28,6,10,12,13,16,20,30,11,6,,1,6,2,4,1,0,0,0,2,126321.75,32,4824.8,659,425.95,1282,164.2,19165,71.05,24739,43.1,120487,17.45,345263,10.7
1288,2021-01-21,6,15,19,22,27,29,35,14,27,,5,2,1,2,3,1,2,10000000,23,19320.65,49,5542.1,1092,452.15,2307,160.5,32537,73.6,44666,42,201653,18.35,580857,11.2
1287,2021-01-14,1,2,17,20,26,27,31,14,"2,17,20",,4,3,2,2,2,1,0,0,6,45680.2,33,5075.6,464,656.3,1230,185.7,18943,77.95,24647,46.95,122074,18.7,360218,11.1
1286,2021-01-07,2,3,7,17,20,22,23,5,"2,7",7,4,3,3,2,2,0,0,0,1,194573.1,28,4246.65,532,406.4,1154,140.5,16450,63.75,23997,34.25,97090,16.7,269136,10.55
1285,2020-12-31,1,2,7,8,11,16,28,7,11,,3,4,4,2,1,0,1,9835085.97,3,96412,53,3335,832,386.25,1954,123.35,26580,58.65,33291,36.7,156889,15.35,422000,10
1284,2020-12-24,4,9,11,12,21,29,32,2,"4,9,29",,4,3,2,2,2,1,0,0,0,0,20,17435.1,479,502.05,1106,163.1,16015,72.85,21285,42.95,100021,18.05,283824,11.15
1283,2020-12-17,4,5,9,16,17,29,33,13,"4,9",17,5,2,3,2,1,1,1,20000000,4,114951.65,60,4683.2,1086,470.45,2409,159.05,34778,71.25,44196,43.95,221328,17.3,643455,10.45
1282,2020-12-10,4,8,9,11,14,19,20,19,,,3,4,3,4,0,0,0,0,7,40741.25,54,3227.45,849,373.25,1848,128.6,24820,61.9,31554,38.15,148671,16,409071,10.2
1281,2020-12-03,1,12,15,17,21,28,29,17,21,,5,2,1,3,3,0,0,0,2,101427.95,24,5165.3,476,473.5,961,175.9,14485,75.45,18020,47.55,94164,17.95,269368,11
1280,2020-11-26,3,7,20,21,25,30,31,2,"7,30",,5,2,2,1,3,1,1,20000000,5,91498.55,57,4904.9,974,521.9,2218,171.9,32774,75.2,44404,43.5,208826,18.25,605370,11.05
1279,2020-11-19,1,7,12,13,26,30,34,11,,,3,4,2,2,2,1,0,0,4,66812.15,37,4414,562,528.35,1358,164,20277,71,24557,45.95,127912,17.4,376114,10.4
1278,2020-11-12,6,9,11,14,19,23,24,20,"14,24",,4,3,2,3,2,0,0,0,1,199206.4,24,5072.4,439,504.2,1139,145.75,15684,68.45,21627,38.9,96069,17.3,274098,10.6
1277,2020-11-05,2,3,13,14,21,24,35,12,"2,24",,4,3,2,2,2,1,1,20000000,2,223815.45,44,6217.1,986,504.45,2217,168.25,32873,73.4,42984,43.95,207485,18,605425,10.8
1276,2020-10-29,1,2,10,16,24,28,31,19,"1,10,16,31",,2,5,3,1,2,1,0,0,4,70902.05,30,5777.2,565,557.75,1334,177.15,20154,75.85,25552,46.85,129505,18.25,382643,10.85
1275,2020-10-22,1,5,6,10,16,19,31,10,31,,4,3,4,2,0,1,0,0,3,72288.7,44,3012.05,582,414,1267,142.65,17178,68.05,21699,42.2,104213,17.35,293528,10.8
1274,2020-10-15,2,7,9,15,27,31,32,7,9,15,5,2,3,1,1,2,1,40000000,25,28028.1,104,4117.35,1693,459.85,4162,140.3,57336,65.85,74868,39.5,343267,17,983095,10.4
1273,2020-10-08,9,10,11,17,19,20,35,3,11,,5,2,2,4,0,1,0,0,3,162745.4,59,5057.05,1224,443.2,2702,150.6,38303,68.7,51331,40.15,237612,17.1,668167,10.7
1272,2020-10-01,11,15,16,18,22,26,30,4,11,,2,5,0,4,3,0,0,0,5,62507.45,35,5457,647,536.75,1535,169.65,22571,74.6,30275,43.6,142530,18.25,416065,11
1271,2020-09-24,1,3,8,11,13,31,32,3,"3,11",,5,2,3,2,0,2,0,0,0,0,46,7838.15,611,406.95,1386,134.55,18503,65.2,24024,39.35,110074,16.95,308914,10.6
1270,2020-09-17,3,4,5,7,11,19,28,6,19,,5,2,4,2,1,0,1,60000000,26,35977.9,128,4466,2808,370.15,5362,145.4,76304,66.05,105773,37.35,454331,17.15,1267440,10.8
1269,2020-09-10,2,8,9,10,19,23,29,14,"9,23",10,4,3,4,1,2,0,0,0,4,169495.55,115,3602.8,2132,353.35,3817,148,52841,69.15,74908,38.2,323372,17.45,920738,10.75
1268,2020-09-03,1,3,9,13,17,23,32,19,"13,23",3,6,1,3,2,1,1,0,0,2,230492.95,77,3658.6,1465,349.65,2804,137,38146,65.1,50296,38.7,224700,17.1,630522,10.7
1267,2020-08-27,2,13,14,16,18,23,28,9,"18,23",,2,5,1,4,2,0,0,0,4,76184.6,54,3448.7,852,397.4,1585,160.2,22845,71.9,31042,41.45,143045,17.75,414240,10.75
1266,2020-08-20,8,12,17,18,21,23,35,1,,,4,3,1,3,2,1,0,0,1,215830.55,17,7758.6,449,534.1,1072,167.8,15422,75.4,22134,41.15,95488,18.85,274962,11.45
1265,2020-08-13,5,6,14,15,16,24,32,19,"5,14",,2,5,2,3,1,1,1,10307848.53,3,101726.35,34,5485.25,616,550.45,1403,181.25,20674,79.55,26620,48.4,135041,18.85,407251,10.95
1264,2020-08-06,5,7,14,18,23,27,33,7,27,,5,2,2,2,2,1,0,0,3,74929.75,32,4292.85,632,395.2,1418,132.1,19993,60.6,24817,38.25,119371,15.7,329412,9.95
1263,2020-07-30,3,9,19,24,27,30,35,1,"3,9",30,5,2,2,1,3,1,1,20000000,3,168287.25,70,4407.5,1301,431.15,2604,161.55,37006,73.5,54054,39.45,227701,18.5,652383,11.3
1262,2020-07-23,3,7,9,16,17,28,32,6,32,,4,3,3,2,1,1,0,0,3,97234,46,3875.25,857,378.2,1535,158.35,22224,70.75,30542,40.35,137683,17.65,392417,10.85
1261,2020-07-16,11,14,18,23,26,32,34,5,"26,32",,2,5,0,3,2,2,0,0,5,45569.35,32,4351.25,601,421.25,1199,158.35,17097,71.8,22185,43.35,107509,17.65,312624,10.65
1260,2020-07-09,2,21,26,28,31,32,33,12,"21,26",,3,4,1,0,3,3,1,80000000,6,204822.85,133,5646.75,2692,507.25,5858,174.8,87093,76.05,108951,47.65,555628,18.45,1644065,10.9
1259,2020-07-02,1,6,10,15,16,21,26,19,,,3,4,3,2,2,0,0,0,4,197292.35,109,4424.5,2119,413.8,4193,156.85,57662,73.75,79944,41.7,358821,18.35,1047460,11
1258,2020-06-25,8,12,18,20,24,27,35,17,24,,2,5,1,3,2,1,0,0,5,109607.2,64,5233,1293,470.95,2889,158.1,41255,71.6,55997,41.3,254024,18,728900,11
1257,2020-06-18,7,14,17,22,24,28,32,1,"14,17,22,28",,2,5,1,2,3,1,0,0,3,120931.05,52,4263.6,1004,401.5,1741,173.65,25420,76.9,37295,41.05,160427,18.85,459669,11.55
1256,2020-06-11,1,14,17,22,26,28,33,9,"1,17",,3,4,1,2,3,1,0,0,3,94867.4,39,4459.6,660,479.15,1502,157.9,20966,73.15,26948,44.6,132656,17.9,384504,10.8
1255,2020-06-04,1,5,10,12,17,20,27,13,10,,4,3,3,3,1,0,0,0,4,51378.45,42,2990.3,676,337.8,1315,130.25,17622,62.85,23813,36.45,106374,16.1,296407,10.15
1254,2020-05-28,9,10,21,24,25,30,32,19,"9,30,32",,3,4,2,0,4,1,1,17361060.3,3,140440.65,52,4951.45,865,541.2,2066,169.95,30426,74.6,37605,47.3,191300,18.35,565261,10.9
1253,2020-05-21,7,8,9,18,23,30,32,4,"8,23",,3,4,3,1,2,1,0,0,5,55214.35,33,5112.45,661,464.05,1320,174.3,20116,73.95,26661,43.7,129430,17.75,373382,10.8
1252,2020-05-14,3,4,8,22,23,24,31,15,23,,3,4,3,0,3,1,0,0,1,195455.75,16,7465.3,387,561.15,886,183.85,14143,74.45,18165,45.45,91526,17.8,265731,10.75
1251,2020-05-07,9,12,16,23,26,29,35,10,9,,4,3,1,2,3,1,1,8948153.83,4,65273.35,51,3128.55,796,364.45,1371,158.7,19478,72.25,26757,41.2,120690,18.05,348856,10.95
1250,2020-04-30,6,9,17,25,28,32,34,10,"6,32",,3,4,2,1,2,2,0,0,2,99839.25,24,5084.4,458,484.4,957,173.9,13900,77.4,18550,45.45,88212,18.85,262074,11.15
1249,2020-04-23,3,6,7,14,18,32,35,2,18,,3,4,3,2,0,2,1,23686120.08,3,155140.1,51,5576.95,1057,489.25,2249,172.45,32846,76.35,44407,44.25,207980,18.65,607422,11.2
1248,2020-04-16,8,12,15,18,19,24,25,18,"12,18,19",,3,4,1,4,2,0,0,0,3,108849.9,38,5251.55,746,486.35,1708,159.3,24512,71.8,31285,44.05,152388,17.85,432085,11.05
1247,2020-04-09,2,4,12,18,19,27,34,11,19,,2,5,2,3,1,1,0,0,3,83402,30,5096.8,544,511.05,1320,157.95,19081,70.65,24601,42.95,121848,17.1,351168,10.4
1246,2020-04-02,1,3,14,17,19,22,26,18,"1,14",,4,3,2,3,2,0,0,0,5,35188.05,17,6324.65,445,439.3,855,171.5,12683,74.75,17440,42.6,80286,18.25,231697,11.1
1245,2020-03-26,1,12,14,16,21,27,29,7,"1,12,27",,4,3,1,3,3,0,1,80000000,5,188293.35,104,5532.1,1969,531.25,4896,160.25,70626,71.85,90052,44.15,447807,17.5,1301356,10.55
1244,2020-03-19,1,10,11,12,18,20,27,20,"10,20",,3,4,2,4,1,0,0,0,11,65938.85,109,4066.55,1983,406.4,3921,154.15,56526,69.15,72424,42.3,350618,17.25,993540,10.65
1243,2020-03-12,10,17,19,20,26,28,33,2,"10,28,33",,3,4,1,3,2,1,0,0,5,107856.4,66,4993.35,1463,409.55,2713,165.65,38351,75.8,52284,43.55,243517,18.45,704084,11.2
1242,2020-03-05,10,16,23,24,27,28,33,12,"16,24",,3,4,1,1,4,1,0,0,7,59062.85,55,4593.8,1043,440.45,2018,170.75,30176,73.85,38433,45.4,192067,17.95,560051,10.8
1241,2020-02-27,1,9,16,17,22,24,31,2,"1,31",,4,3,2,2,2,1,0,0,1,320535.65,23,8516.65,643,553.9,1533,174.25,21987,78.55,29593,45.75,140878,18.95,413765,11.3
1240,2020-02-20,1,3,12,13,21,26,31,19,,,5,2,2,2,2,1,0,0,1,242787.4,35,4239.15,731,369.05,1353,149.55,18239,71.75,26324,38.95,112922,17.9,326773,10.85
1239,2020-02-13,2,5,7,14,25,29,32,3,2,,4,3,3,1,2,1,0,0,2,80938.8,29,3411.2,415,433.4,940,143.5,12979,67.2,16517,41.4,76255,17.7,216769,10.9
1238,2020-02-06,1,2,3,11,15,26,35,17,35,,5,2,3,2,1,1,1,60000000,3,250887.1,78,5896.9,1677,498.7,3641,172.25,54715,74.15,70580,45.05,348573,18,1014365,10.85
1237,2020-01-30,5,8,9,17,20,22,35,16,5,,4,3,3,2,1,1,0,0,7,73043.3,58,5387.3,1350,420.85,2589,164.6,38164,72.2,52860,40.85,240119,17.75,684079,10.9
1236,2020-01-23,4,5,10,13,23,27,28,4,28,23,4,3,3,1,3,0,0,0,4,95881.9,57,4111.9,886,480.95,2296,139.2,31216,66.2,42753,37.9,189978,16.8,528973,10.6
1235,2020-01-16,7,14,16,20,21,25,28,11,7,16,3,4,1,3,3,0,0,0,4,72206.75,50,3530.1,787,407.75,1675,143.7,22720,68.5,29495,41.35,141335,17.05,409406,10.3
1234,2020-01-09,3,4,7,9,24,29,31,2,"3,9",9,5,2,4,0,2,1,0,0,1,228118.7,34,4100.15,600,422.45,1145,166.05,17120,71.8,23797,40.45,105483,18,301449,11.05
1233,2020-01-02,2,3,9,21,25,27,35,4,"9,27",2,6,1,3,0,3,1,0,0,1,160070.8,25,3912.85,454,391.75,784,170.15,11498,75,15871,42.6,74318,17.95,216322,10.8
1232,2019-12-26,7,9,12,17,23,26,27,2,9,26,5,2,2,2,3,0,1,24297756.97,4,70132.6,39,4395.75,706,441.5,1743,134.1,22513,67.15,33514,35.35,136267,17.15,375979,10.9
1231,2019-12-19,4,8,9,10,11,29,32,18,"9,11",,3,4,4,1,1,1,0,0,2,143954.05,24,7331,546,585.9,1365,175.75,21624,71.75,28308,42.95,137835,17.4,393468,10.7
1230,2019-12-12,9,11,15,16,18,28,35,9,,,4,3,1,4,1,1,0,0,1,282828.5,43,4019.55,598,525.5,1458,161.65,22374,68.1,26810,44.55,140354,16.8,398247,10.4
1229,2019-12-05,14,19,20,27,29,30,32,6,"20,30",,3,4,0,3,3,1,0,0,0,0,36,10269.35,639,399,1098,174.15,16465,75.1,20643,46.95,104447,18.3,304461,11
1228,2019-11-28,4,12,18,20,21,23,30,1,"12,23",,2,5,1,3,3,0,0,0,2,84614.15,17,6083.35,405,464.3,809,174.3,12043,75.7,17380,41.1,74913,18.8,216127,11.45
1227,2019-11-21,1,2,3,12,13,23,25,1,,,5,2,3,2,2,0,1,40000000,24,22660.1,74,4491.2,1383,436.95,2886,157.05,40820,71.8,53910,42.6,257324,17.6,735819,10.8
1226,2019-11-14,8,10,20,24,26,28,32,6,10,,0,7,2,1,3,1,0,0,5,90686.65,60,4618.3,1198,420.55,2254,167.65,33795,72.3,45569,42,210245,17.95,611004,10.85
1225,2019-11-07,3,7,10,12,13,21,33,4,"10,33",7,5,2,3,2,1,1,0,0,4,85303.45,42,4964.75,951,398.65,1900,149.65,27183,67.65,38970,36.95,164327,17.3,463236,10.75
1224,2019-10-31,9,10,16,18,22,29,33,8,,,3,4,2,2,2,1,0,0,2,127463.9,33,4720.9,614,461.3,1258,168.85,19082,72,24236,44.4,120430,17.65,354238,10.5
1223,2019-10-24,1,7,11,12,19,24,30,7,7,24,4,3,2,3,2,0,0,0,2,111307.15,31,4388.45,572,432.45,1407,131.85,20000,60,23756,39.55,119768,15.5,330150,9.85
1222,2019-10-17,2,6,7,9,21,22,25,12,6,,4,3,4,0,3,0,0,0,0,0,19,13926.3,372,490.55,887,154.3,13082,67.65,16214,42.75,81373,16.8,231819,10.35
1221,2019-10-10,3,6,11,16,27,28,35,10,11,,4,3,2,2,2,1,1,12000000,5,48370.65,37,3994.55,641,419.25,1341,150.3,19131,68.15,25507,40.05,118833,16.95,343462,10.3
1220,2019-10-03,2,11,15,20,22,25,29,3,"22,25",,4,3,1,3,3,0,0,0,5,40687.35,91,1366.2,1330,169.95,1633,103.8,16978,64.55,26464,32.45,98361,17.25,279707,10.65
1219,2019-09-26,9,22,25,26,27,30,33,19,26,26,4,3,1,0,5,1,0,0,1,171425.5,17,6162.35,317,600.85,839,170.25,12560,73.55,14960,48.4,81056,17.6,239193,10.45
1218,2019-09-19,4,5,8,17,18,26,31,9,31,,3,4,3,2,1,1,3,50000000,18,125916.9,267,5187.6,5202,484.1,11919,158.45,172994,70.6,227514,42.05,1088866,17.35,3141324,10.55
1217,2019-09-12,10,11,20,27,28,30,31,2,27,,3,4,1,2,3,1,0,0,8,173767.85,159,5342.95,3229,478.35,6912,167.6,101351,73.9,136600,42.95,645901,17.95,1866572,10.9
1216,2019-09-05,2,4,14,16,19,27,29,13,27,,3,4,2,3,2,0,0,0,10,92407.7,110,5133.75,2091,491.05,4736,162.6,71905,69.25,90614,43.05,446796,17.25,1296267,10.4
1215,2019-08-29,8,9,11,20,22,27,32,20,11,,3,4,2,2,2,1,0,0,4,153796.2,113,3326.95,1903,359.2,3454,148.4,49561,66.9,65943,39.4,302196,16.95,853711,10.55
1214,2019-08-22,3,7,10,11,17,26,35,19,"7,35",,5,2,3,2,1,1,0,0,5,89142.2,68,4005.55,1319,375.45,2645,140.45,37779,63.6,50866,37,222717,16.7,623492,10.45
1213,2019-08-15,7,14,21,24,27,30,35,13,30,,4,3,1,1,4,1,0,0,8,41924.85,50,4099.3,886,420.6,2086,134,27501,65.7,36893,38.4,165668,16.85,477907,10.25
1212,2019-08-08,1,5,11,16,17,29,30,8,30,,5,2,2,3,2,0,0,0,3,85717.95,36,4365.25,736,388.2,1462,146.6,20061,69.1,26635,40.75,126093,17,366146,10.25
1211,2019-08-01,9,15,22,23,25,30,35,6,"9,22,23",,5,2,1,1,4,1,0,0,1,197107.1,20,6022.7,369,593.5,1069,153.65,14289,74.35,18894,44.05,90084,18.25,262937,10.95
1210,2019-07-25,1,3,9,11,22,23,24,4,"1,11,23",,5,2,3,1,3,0,0,0,7,22779.65,15,6496.4,382,463.8,879,151.15,12128,70.85,17348,38.8,76530,17.35,217870,10.7
1209,2019-07-18,1,6,11,13,16,23,27,11,"6,27",,5,2,2,3,2,0,3,36666666.67,34,49276.1,257,3983.85,4530,410.95,9758,143.1,135958,66.4,176773,40,832131,16.8,2359734,10.35
1208,2019-07-11,6,7,8,21,27,28,34,16,"21,27,28",,3,4,3,0,3,1,0,0,9,91728.9,123,4101.7,2037,450.3,4174,164.8,60754,73.25,78934,44.15,387051,17.75,1116612,10.8
1207,2019-07-04,2,15,20,21,22,27,28,3,"2,21,27",,3,4,1,2,4,0,0,0,9,65674.75,66,5472.9,1364,481.5,3010,163.65,43578,73.1,57116,43.7,274778,17.95,803923,10.75
1206,2019-06-27,2,7,17,21,27,32,35,7,17,27,5,2,2,1,2,2,0,0,7,60619.35,79,3282.5,1141,413.2,2976,118.8,37412,61.1,46186,38.8,217480,16.25,606172,10.25
1205,2019-06-20,4,10,14,16,17,19,34,13,17,,2,5,2,4,0,1,0,0,0,0,37,13545.7,780,443.15,1622,159.85,23701,70.75,31378,41.85,150487,17.25,441650,10.3
1204,2019-06-13,1,5,8,11,17,23,25,3,"8,11",,6,1,3,2,2,0,0,0,3,84792.55,47,3307.5,900,314.05,1575,134.6,21477,63.85,30324,35.4,126515,16.75,351157,10.6
1203,2019-06-06,2,7,8,11,31,33,35,20,31,,5,2,3,1,0,3,0,0,2,105172.1,19,6765.45,354,660.2,1167,150.2,17078,66.35,21225,41.85,104160,16.85,292316,10.5
1202,2019-05-30,4,10,14,17,22,31,34,7,"10,17",,2,5,2,2,1,2,0,0,2,85758.95,29,3614.35,495,385,974,146.75,13630,67.8,16901,42.85,83151,17.2,243413,10.3
1201,2019-05-23,6,7,10,16,17,20,30,4,17,,2,5,3,3,1,0,0,0,2,68922.65,26,3239.95,374,409.5,717,160.2,10262,72.4,14803,39.3,63734,18,183381,11
1200,2019-05-16,1,11,13,17,24,34,35,19,17,,5,2,1,3,1,2,1,8000000,2,93464.35,20,5711.7,421,493.35,944,165,14019,71.85,18076,43.65,89301,17.45,261133,10.45
1199,2019-05-09,5,15,17,18,19,26,29,2,,,5,2,1,4,2,0,0,0,0,0,11,20046.95,307,495.4,691,165.05,10006,73.7,13988,41.3,61233,18.65,175181,11.4
1198,2019-05-02,2,4,6,8,9,11,33,4,"2,9,11,33",2,3,4,5,1,0,1,1,30000000,5,76689.3,49,4782.2,1106,385.2,2310,138.35,31166,66.3,43054,37.6,187156,17.05,521494,10.75
1197,2019-04-25,2,5,9,11,23,25,33,6,"2,11",25,6,1,3,1,2,1,0,0,1,253892.75,41,3784.3,656,430.05,1344,157.4,19814,69.05,27387,39.15,120965,17.5,343117,10.8
1196,2019-04-18,1,2,4,11,17,21,30,2,,,4,3,3,2,2,0,0,0,0,0,21,19109.1,525,527.15,1251,165.9,18462,72.7,24994,42.1,114391,18.15,325190,11.2
1195,2019-04-11,8,15,18,19,20,22,32,9,,,2,5,1,4,1,1,0,0,2,99243.55,27,4492.5,516,427.4,1001,165.25,15159,70.55,20165,41.55,94925,17.4,275204,10.55
1194,2019-04-04,2,12,14,16,21,25,33,4,25,,3,4,1,3,2,1,0,0,0,0,27,9066.1,367,460,682,185.65,10609,77.2,13018,49.3,68085,18.6,202801,10.95
1193,2019-03-28,4,5,25,26,27,30,34,18,"27,30",,3,4,2,0,4,1,1,20000000,20,14681.25,27,6645.8,542,601.95,1264,193.6,20192,78.35,25277,49.05,134648,18.15,398580,10.75
1192,2019-03-21,3,14,20,27,29,30,31,7,"20,27",,4,3,1,2,3,1,0,0,2,113492,20,6935.6,523,482.25,1147,164.9,17397,70.3,21307,45,110709,17.1,324670,10.2
1191,2019-03-14,2,5,8,17,20,24,27,6,"20,27",,3,4,3,2,2,0,0,0,1,184477.8,21,5368.4,481,426.15,966,159.15,14328,69.4,19830,39.3,86690,17.75,248009,10.85
1190,2019-03-07,4,6,9,13,20,23,27,2,"4,13",,4,3,3,2,2,0,0,0,3,50084.85,21,4372.5,460,362.95,853,146.8,11014,73.5,17198,36.9,68132,18.4,194611,11.3
1189,2019-02-28,2,4,5,7,11,13,14,14,4,,4,3,4,3,0,0,1,40000000,6,83887.8,79,3893.55,1456,384.1,2774,151.2,39169,69.25,53646,39.6,242604,17.3,686745,10.7
1188,2019-02-21,3,4,12,16,21,25,27,8,"3,21",21,4,3,2,2,3,0,0,0,3,142767.15,63,4154.6,1116,426.45,2299,155.25,33165,69.6,43222,41.85,206269,17.3,595898,10.5
1187,2019-02-14,3,6,10,11,21,23,34,5,"6,11",,4,3,3,1,2,1,0,0,3,116883.25,51,4201.7,900,432.9,1886,154.95,26893,70.25,35530,41.65,169378,17.25,488453,10.5
1186,2019-02-07,6,11,17,20,22,24,32,19,22,,2,5,1,3,2,1,0,0,5,56212.75,21,8179.1,551,566.75,1493,156.9,21712,69.75,27924,42.5,135553,17.3,390650,10.5
1185,2019-01-31,10,19,22,28,29,31,34,10,"19,29",31,3,4,1,1,3,2,0,0,1,203054.95,19,6531,547,412.45,1148,147.4,16085,68.05,21282,40.3,98977,17.1,278077,10.65
1184,2019-01-24,2,8,17,19,23,29,35,3,,,5,2,2,2,2,1,0,0,0,0,29,8655,588,294.4,1009,128.65,12828,65.45,18837,34.9,76356,17,213233,10.7
1183,2019-01-17,4,11,18,20,22,26,33,9,,,2,5,1,3,2,1,1,107575649.08,20,94792.9,262,4422.05,4861,433.35,10151,155.65,145122,70.4,193224,41.45,900437,17.55,2602198,10.65
1182,2019-01-10,3,7,10,24,28,31,34,14,7,10,3,4,3,0,2,2,0,0,15,81533.3,154,4853.15,3192,425.7,6769,150.55,92436,71.3,125074,41.3,576846,17.65,1663378,10.75
1181,2019-01-03,7,8,11,12,19,25,33,13,"7,8",,5,2,2,3,1,1,0,0,6,115772.9,105,4042.85,2033,379.65,3908,148.1,56342,66.45,72618,40.4,350324,16.5,994951,10.2
1180,2018-12-27,5,7,8,9,17,18,29,19,"5,9",,5,2,4,2,1,0,0,0,4,98969.15,39,6203.2,901,488.2,2175,151.7,31735,67.2,41792,40,197043,16.75,550874,10.5
1179,2018-12-20,5,9,13,19,20,24,32,15,24,20,4,3,2,3,1,1,0,0,6,59793.2,49,4474.3,934,426.8,1870,159.85,27243,70.95,36073,42,169622,17.65,488282,10.75
1178,2018-12-13,7,8,15,24,26,28,35,13,26,,3,4,2,1,3,1,0,0,2,167715.4,40,5124.65,842,442.65,1809,154.5,26520,68.15,33722,42,168179,16.6,482565,10.15
1177,2018-12-06,3,5,6,14,20,26,33,19,"3,5,20,33",6,3,4,3,2,1,1,0,0,1,268392.4,30,5467.25,575,518.65,1395,160.35,19723,73.35,25041,45.25,124895,17.9,364221,10.75
1176,2018-11-29,3,5,17,20,22,29,33,12,"3,17,29,33",29,5,2,2,2,2,1,0,0,2,106534.15,27,4822.55,438,540.5,1164,152.55,16336,70.3,20947,42.95,102727,17.3,296472,10.5
1175,2018-11-22,3,14,17,28,29,33,34,17,29,,4,3,1,2,2,2,0,0,3,49422.25,17,5329.85,345,477.5,714,173.05,11069,72.2,13604,46,70206,17.6,199577,10.85
1174,2018-11-15,2,7,16,18,23,25,29,20,"23,29",,4,3,2,2,3,0,1,3000000,1,149108.3,33,2761.25,480,345.15,837,148.45,11633,69.05,16001,39.35,70754,17.55,205542,10.6
1173,2018-11-08,12,15,17,23,29,30,35,10,"17,30,35",,5,2,0,3,3,1,1,60000000,2,381369.65,92,5066.5,1794,472.4,3911,162.5,58097,70.75,75350,42.75,363499,17.5,1051085,10.6
1172,2018-11-01,4,8,11,17,24,30,35,3,11,,3,4,2,2,2,1,0,0,10,46564.65,61,4664.95,1237,418.25,2548,152.3,35416,70.85,49201,39.95,221880,17.5,638166,10.65
1171,2018-10-25,9,11,13,25,26,28,29,12,"25,29",25,5,2,1,2,4,0,0,0,1,373451.7,50,4564.4,783,529.95,1824,170.6,28922,69.6,36241,43.5,182612,17.05,524963,10.4
1170,2018-10-18,7,10,17,25,29,33,35,5,,,6,1,2,1,2,2,0,0,6,53440.3,37,5295.9,911,391.05,1766,151.3,24571,70.3,33353,40.6,154918,17.25,442266,10.6
1169,2018-10-11,13,20,21,23,27,30,32,13,"21,32",,4,3,0,2,4,1,0,0,1,249083.2,38,4005.7,627,441.4,1570,132.2,21483,62.5,25727,40.9,131648,15.75,370920,9.8
1168,2018-10-04,3,11,21,22,24,28,32,7,"21,22",,3,4,1,1,4,1,0,0,4,46978.15,16,7177.2,501,416.75,1011,154.9,15308,66.15,18399,43.1,98016,16,279696,9.8
1167,2018-09-27,5,10,15,19,21,22,30,3,"10,30",,4,3,2,2,3,0,0,0,2,70691.55,24,3600.05,364,431.55,752,156.65,11215,67.95,14819,40.3,68688,17.15,195921,10.55
1166,2018-09-20,2,6,8,10,17,20,30,8,"2,17",20,1,6,4,2,1,0,1,30000000,6,66327.2,53,4588.65,1243,355.75,2485,133.45,33345,64.3,43677,38.45,198764,16.7,569124,10.2
1165,2018-09-13,1,2,17,19,22,34,35,11,,,4,3,2,2,1,2,0,0,3,99187.25,33,5510.4,683,484.1,1533,161.75,23317,68.75,29030,43.3,147833,16.75,432330,10.05
1164,2018-09-06,7,14,18,21,23,25,27,20,,,5,2,1,2,4,0,0,0,2,117563.3,29,4954.8,615,424.8,1297,151.05,18782,67.45,26141,38,116670,16.8,330822,10.4
1163,2018-08-30,13,15,19,20,22,28,32,20,28,,3,4,0,4,2,1,0,0,4,45515.85,17,6544.75,460,439.75,940,161.4,14355,68.35,17026,45.15,90107,16.85,262547,10.15
1162,2018-08-23,2,6,9,14,18,28,29,11,,,2,5,3,2,2,0,0,0,1,152836.25,22,4245.45,411,413.2,907,140.4,12617,65.3,15584,41.4,77574,16.4,223334,10
1161,2018-08-16,3,13,27,31,32,33,35,3,13,,6,1,1,1,1,4,2,50000000,15,122896.2,296,3805.9,4828,424.25,10958,140.2,145468,68.3,192464,40.45,886551,17.35,2554832,10.55
1160,2018-08-09,4,5,10,12,13,18,34,19,34,,2,5,3,3,0,1,0,0,9,108500.65,132,4520.85,2453,442.3,4915,165.55,74542,70.6,94058,43.85,475560,17.1,1371852,10.4
1159,2018-08-02,1,3,9,17,22,32,34,19,"1,22,32",,4,3,3,1,1,2,0,0,4,129544.75,70,4523.8,1143,503.7,2661,162.3,38788,72,50050,43.7,247713,17.45,726156,10.45
1158,2018-07-26,1,7,8,22,28,31,32,15,22,,3,4,3,0,2,2,0,0,5,84139.5,45,5713.2,905,516.5,2100,166.95,31675,71.55,41137,43.2,202786,17.3,589450,10.45
1157,2018-07-19,2,4,22,23,24,25,29,17,"4,23,25",,3,4,2,0,5,0,0,0,2,176665.65,61,3539.75,926,423.95,1729,170.3,26448,72,33926,43.95,168291,17.5,487184,10.6
1156,2018-07-12,4,16,18,23,25,31,32,5,"23,32",,3,4,1,2,2,2,0,0,4,72985.15,39,4574.55,699,464.05,1584,153.6,22757,69.15,28474,43.3,143707,16.95,415086,10.3
1155,2018-07-05,7,20,23,29,32,33,34,16,"7,34",,4,3,1,1,2,3,0,0,3,75752.6,42,3306.65,761,331.8,1129,167.75,16594,73.8,22403,42.85,104634,18.1,305407,10.85
1154,2018-06-28,2,4,7,17,25,28,34,3,2,28,3,4,3,1,2,1,0,0,2,91593.4,18,6219.3,422,482.3,972,157.05,13785,71.6,19699,39.25,87180,17.5,250579,10.7
1153,2018-06-21,2,5,9,13,24,31,35,16,"2,31",,5,2,3,1,1,2,0,0,1,124332.9,13,5844.7,275,502.35,622,166.6,9229,72.6,12682,41.4,57385,18.05,166875,10.9
1152,2018-06-14,2,6,7,14,16,29,31,15,14,14,3,4,3,2,1,1,1,3000000,2,65377.05,15,5327,247,588.2,598,182.2,9187,76.7,12191,45.3,61056,17.85,179273,10.65
1151,2018-06-07,14,22,23,24,30,32,34,9,"30,32",,1,6,0,1,4,2,1,50000000,8,77405.9,82,4615,1416,485.9,3223,160.1,46600,71.6,58813,44.45,295871,17.45,859600,10.55
1150,2018-05-31,8,9,18,27,29,30,32,6,18,,3,4,2,1,3,1,0,0,3,167657.5,71,4329.2,1279,436.95,2758,151.95,38843,69.8,52978,40.1,242947,17.25,701041,10.5
1149,2018-05-24,2,12,14,18,19,23,25,17,25,,3,4,1,4,2,0,0,0,6,66161.4,59,4111.7,1012,435.85,2151,153.8,30420,70.3,40057,41.85,190060,17.4,549170,10.55
1148,2018-05-17,3,9,16,25,26,31,34,9,26,,4,3,2,1,2,2,0,0,4,70971,48,3614.25,543,580.9,1550,152.65,22164,69,28478,42.1,137439,17.2,399744,10.4
1147,2018-05-10,6,14,15,24,26,32,35,14,"6,24",,2,5,1,2,2,2,0,0,4,48209.55,26,4532.5,355,603.55,988,162.65,14529,71.5,17634,46.15,91712,17.5,266940,10.55
1146,2018-05-03,1,3,6,16,19,20,24,13,"19,24",3,3,4,3,3,1,0,0,0,3,57618.2,22,4801.5,350,548.75,955,150.85,13514,68.95,17022,42.9,87017,16.55,254619,9.9
1145,2018-04-26,9,14,15,19,24,34,35,12,9,,4,3,1,3,1,2,0,0,1,124507.75,15,5072.55,331,417.95,624,166.3,9145,73.35,11731,44.8,60060,17.3,178517,10.2
1144,2018-04-19,4,5,9,13,25,32,33,7,"32,33",,5,2,3,1,1,2,1,8000000,1,187055.7,26,4396.6,436,476.7,936,166.55,14624,68.95,17999,43.9,94090,16.55,276414,9.9
1143,2018-04-12,14,16,18,31,32,33,,17,18,,2,5,0,3,0,3,0,0,1,210257,27,8146.7,593,207.3,1163,80.65,19031,43,23891,30.75,116350,14.45,,
1142,2018-04-05,5,8,18,22,23,25,,10,8,5,3,4,2,1,3,0,1,6000000,7,38581.9,55,5137.05,1089,145,2082,57.85,29924,35.15,42161,22.35,166514,13,,
1141,2018-03-29,4,7,8,10,14,16,,10,10,,1,6,4,2,0,0,0,0,1,213863.95,44,5084.9,837,149.4,1886,50.6,24948,33.35,33903,22.05,137093,12.5,,
1140,2018-03-22,10,17,22,30,35,40,,7,,22,2,5,1,1,2,2,2,20000000,27,29081.85,142,5784.85,2648,173.35,5899,59.4,80801,37.8,111065,24.7,474028,13.25,,
1139,2018-03-15,1,6,9,18,21,34,,15,,,3,4,3,1,1,1,0,0,10,63789.9,110,6066.75,2192,170.15,4827,58.95,65878,37.7,88481,25.2,380958,13.4,,
1138,2018-03-08,4,12,22,26,29,37,,11,,,2,5,1,1,3,1,0,0,6,65105.3,77,5307.3,1343,170.05,3197,54.5,43920,34.6,56427,24.2,248401,12.6,,
1137,2018-03-01,8,16,17,24,30,39,,8,16,,2,5,1,2,2,1,0,0,7,46192.7,53,6382.5,994,190.2,2410,59.85,33761,37.3,42346,26.65,196510,13.15,,
1136,2018-02-22,11,14,15,16,19,38,,8,,,3,4,0,5,0,1,0,0,2,127282.3,33,8070.1,699,212.9,1754,64.75,26241,37.75,32873,27.05,155734,13.1,,
1135,2018-02-15,5,6,12,25,36,37,,7,12,,3,4,2,1,1,2,0,0,5,42223.05,34,6495.85,631,195.6,1384,68.05,21348,38.5,26698,27.6,129836,13,,
1134,2018-02-08,7,10,12,23,33,38,,16,38,,3,4,2,1,1,2,2,3000000,21,12152.25,39,6845.5,800,186.5,1745,65.25,25347,39.2,34584,25.75,146972,13.9,,
1133,2018-02-01,20,24,26,27,35,38,,3,24,,2,5,0,1,3,2,0,0,0,0,30,14309.7,529,231.85,1370,68.3,19542,41.8,25640,28.6,116404,14.4,,
1132,2018-01-25,1,10,13,23,24,40,,13,13,,3,4,2,1,2,1,1,3000000,2,108370.85,68,3334.5,725,174.75,1956,49.45,26023,32.4,29507,25.65,145263,11.95,,
1131,2018-01-18,3,8,13,19,35,36,,6,,,4,3,2,2,0,2,1,3000000,23,9698.65,46,5073.15,913,142.85,1668,59.65,23225,37.4,33536,23.25,131402,13.6,,
1130,2018-01-11,5,7,11,32,34,38,,12,,11,3,4,2,1,0,3,1,55000000,14,86113.1,179,7045.95,3554,198.3,8524,63.1,123255,38.05,162501,25.9,729660,13.2,,
1129,2018-01-04,8,15,19,20,23,24,,5,,,3,4,1,3,2,0,0,0,9,74566.65,121,5802.25,2201,178.25,5304,56.45,75458,34.6,95301,24.6,425776,12.6,,
1128,2017-12-28,12,28,29,34,35,37,,7,,28,3,4,0,1,2,3,0,0,4,105043.8,59,7450.3,1249,196.65,2702,69.4,41480,39.45,52875,27.75,250578,13.4,,
1127,2017-12-21,7,10,15,27,32,33,,9,,,4,3,2,1,1,2,0,0,6,60742,60,6354.55,1156,184.3,2608,62.35,36033,39.35,48430,26.3,212251,13.75,,
1126,2017-12-14,19,22,28,30,31,40,,6,,,2,5,0,1,3,2,0,0,3,104695.15,41,8014.2,899,204.25,2062,67.95,30644,39.9,39559,27.75,176865,14.2,,
1125,2017-12-07,8,11,23,26,34,39,,13,26,,3,4,1,1,2,2,0,0,4,62287.1,47,5545.7,816,178.5,1922,57.85,26809,36.15,34034,25.55,155492,12.8,,
1124,2017-11-30,21,22,26,31,35,38,,10,35,,3,4,0,0,3,3,0,0,0,0,40,10852.4,661,187.65,1360,69.6,19914,41.45,25880,28.65,118645,14.3,,
1123,2017-11-23,17,27,33,35,36,39,,7,"33,36",,5,2,0,1,1,4,1,10658989.09,3,132344.25,64,6489.95,1222,189.95,2645,66.95,38623,40,49367,28.1,228518,13.9,,
1122,2017-11-16,3,6,11,18,33,36,,5,18,,3,4,2,2,0,2,0,0,5,53569.25,44,6368.4,822,190.5,1942,61.55,26996,38.6,37498,24.95,158138,13.55,,
1121,2017-11-09,15,18,20,27,29,38,,20,,,3,4,0,3,2,1,0,0,2,100480.3,38,5532.5,685,171.5,1428,62.8,20362,38.4,26666,26.3,118522,13.55,,
1120,2017-11-02,3,4,23,30,32,33,,4,"4,23",,3,4,2,0,2,2,1,6000000,4,63506.6,34,7816.2,721,205.95,1670,67.85,24665,40.1,31429,28.25,146529,13.85,,
1119,2017-10-26,4,15,23,29,34,39,,5,34,,4,3,1,1,2,2,0,0,5,40682.65,38,5600.05,754,157.7,1318,68.85,19721,40.15,26376,26.95,115560,14.1,,
1118,2017-10-19,8,9,11,17,31,34,,16,11,,4,3,2,2,0,2,1,16422787.61,2,227809.95,74,6441.2,1360,195.85,2980,68.2,44109,40.2,61387,25.9,257880,14.15,,
1117,2017-10-12,1,11,15,28,30,32,,20,,,3,4,1,2,2,1,0,0,5,79179.65,62,6680.15,1292,179.15,2723,64.85,38393,40.15,51317,26.95,229620,13.8,,
1116,2017-10-05,6,7,17,19,33,38,,17,6,,4,3,2,2,0,2,0,0,2,133738.9,32,8744.45,827,189.1,1897,62.9,27520,37.85,35406,26.4,159057,13.45,,
1115,2017-09-28,1,6,13,14,25,32,,7,25,,3,4,2,2,1,1,0,0,6,35957.6,32,7053.25,609,207.1,1435,67.1,21139,39.75,25923,29.05,129699,13.3,,
1114,2017-09-21,2,10,17,23,25,26,,5,"25,26",,3,4,2,1,3,0,2,25000000,33,32180.4,185,6005.25,3300,188.15,7721,61.35,110649,37.35,143036,25.95,632950,13.4,,
1113,2017-09-14,15,25,26,30,31,37,,18,,,4,3,0,1,3,2,0,0,6,114888.2,96,7511.9,2015,200,4499,68.35,65528,40.95,86227,27.9,389251,14.15,,
1112,2017-09-07,3,11,14,24,28,35,,3,14,,3,4,1,2,2,1,0,0,2,203007.7,78,5445.55,1420,167.15,3001,60.35,41212,38.35,55110,25.75,233209,13.95,,
1111,2017-08-31,14,22,25,34,36,38,,10,,,1,6,0,1,2,3,0,0,4,76896.85,44,7313.25,800,224.8,1902,72.15,28089,42.6,37202,28.85,169732,14.5,,
1110,2017-08-24,3,6,9,13,30,35,,20,,,4,3,3,1,1,1,0,0,7,35757.45,41,6386.7,884,165.55,1835,60.85,25637,38,35721,24.45,146550,13.65,,
1109,2017-08-17,4,5,12,26,32,38,,6,,,1,6,2,1,1,2,0,0,2,105273.7,39,5647.8,577,213.35,1546,60.75,20732,39.55,26931,27.3,119500,14.1,,
1108,2017-08-10,1,6,8,16,17,20,,1,6,,2,5,3,3,0,0,1,3000000,3,72995.65,52,4405.65,823,155.55,1711,57.1,22804,37.4,32763,23.35,125026,14,,
1107,2017-08-03,6,9,19,22,30,38,,10,,,2,5,2,1,2,1,1,6000000,2,135436.2,48,5903.65,955,165.8,2022,59.75,27020,39,38076,24.85,157424,13.75,,
1106,2017-07-27,4,15,23,27,31,36,,16,"15,23",27,4,3,1,1,2,2,0,0,1,202681.4,35,6058.15,650,182.3,1288,70.2,19009,41.5,26792,26.4,111722,14.5,,
1105,2017-07-20,5,14,15,22,23,25,,9,,,4,3,1,2,3,0,1,3000000,1,212518.05,33,6737.15,742,167.45,1472,64.4,21251,38.9,29494,25.15,124108,13.7,,
1104,2017-07-13,1,9,12,24,28,30,,9,,,2,5,2,1,3,0,1,6000000,3,80374.05,40,6306.25,788,178.9,1904,56.5,25269,37.15,34460,24.45,143175,13.45,,
1103,2017-07-06,10,11,13,19,22,38,,20,19,,3,4,1,3,1,1,0,0,1,206474.8,16,13500.3,590,204.6,1524,60.45,22662,35.45,28732,25.1,129682,12.75,,
1102,2017-06-29,2,3,5,9,12,19,,9,12,,4,3,4,2,0,0,1,6000000,7,36112.1,81,3264.85,1373,107.65,2779,40.6,31878,30.85,44856,19.7,160685,12.6,,
1101,2017-06-22,12,17,25,35,36,40,,17,,,3,4,0,2,1,3,0,0,1,205432.7,30,7163.8,518,231.85,1444,63.45,19336,41.35,24401,29.4,116341,14.15,,
1100,2017-06-15,6,23,24,28,31,38,,12,6,,2,5,1,0,3,2,2,15000000,29,23239.3,114,6184.6,2048,192.4,4820,62.4,67712,38.75,87506,26.9,395046,13.65,,
1099,2017-06-08,6,7,10,17,20,25,,15,,,3,4,3,2,1,0,0,0,10,46533.35,71,6856.5,1838,148,3571,58.15,49743,36.4,69262,23.45,275194,13.55,,
1098,2017-06-01,18,19,24,29,32,37,,12,"24,32",,3,4,0,2,2,2,0,0,4,90487.65,47,8056.5,917,230.75,2443,66.1,35564,39.6,46090,27.45,211404,13.7,,
1097,2017-05-25,4,24,27,32,35,39,,13,"27,35,39",,3,4,1,0,2,3,0,0,7,36243.45,45,5898.1,883,167.95,1611,70.25,23440,42.15,29638,29.9,147006,13.8,,
1096,2017-05-18,6,10,17,27,35,39,,12,10,,4,3,2,1,1,2,0,0,5,42665.3,30,7439.1,592,210.65,1452,65.55,20778,39.95,25996,28.65,124408,13.7,,
1095,2017-05-11,10,19,21,23,26,36,,10,10,,3,4,1,1,3,1,1,50000000,16,64226.5,157,6847.45,3232,185.9,7627,60.1,106280,37.65,141365,25.4,609484,13.5,,
1094,2017-05-04,4,5,10,15,17,25,,2,,4,4,3,3,2,1,0,0,0,6,113586.9,124,5749.8,2480,160.65,5133,59.25,68685,38.6,99729,23.85,388400,14.05,,
1093,2017-04-27,19,20,24,30,36,38,,3,"19,30",,1,6,0,2,2,2,0,0,7,61032.2,66,6771.85,1315,189.95,2624,72.65,40266,41.3,53479,27.9,238618,14.3,,
1092,2017-04-20,7,13,19,22,27,30,,8,,,4,3,1,2,3,0,0,0,12,28632.1,71,5062.6,1533,131.05,2898,52.9,38929,34.35,56119,21.4,213634,12.85,,
1091,2017-04-13,1,5,23,26,33,34,,10,34,,4,3,2,0,2,2,0,0,3,91740.05,39,7382.65,614,262.05,1700,72.25,26775,40,33321,28.85,160424,13.7,,
1090,2017-04-06,6,7,17,31,32,34,,5,7,6,3,4,2,1,0,3,0,0,7,30936.5,29,7812.1,554,228.5,1369,70.55,20409,41.3,25849,29.25,126292,13.7,,
1089,2017-03-30,1,5,7,19,28,30,,6,"5,7",30,4,3,3,1,2,0,1,15000000,3,131453.1,74,5575.15,1423,162,3064,57.4,41298,37.15,59268,23.25,230116,13.7,,
1088,2017-03-23,5,7,17,31,34,40,,18,"34,40",,4,3,2,1,0,3,0,0,4,79459,44,7556.95,1052,176.65,2158,65.7,31294,39.55,42522,26.1,184645,13.75,,
1087,2017-03-16,13,22,27,30,34,40,,17,27,,2,5,0,1,3,2,0,0,1,256699.15,41,6549.9,788,190.45,1823,62.8,24553,40.7,34376,26.1,144189,14.25,,
1086,2017-03-09,6,9,19,26,27,29,,15,9,9,4,3,2,1,3,0,0,0,0,0,51,8689.35,1244,101.8,1661,58.15,22895,36.8,33557,22.55,129507,13.4,,
1085,2017-03-02,9,25,30,34,36,40,,11,,,2,5,1,0,2,3,1,10185195.74,2,180204.8,49,7694.75,867,243,2422,66.4,35692,39.3,43281,29.1,211371,13.65,,
1084,2017-02-23,1,15,16,20,26,29,,12,"15,26,29",,3,4,1,3,2,0,0,0,1,263700.75,46,5997.2,845,182.45,1991,59.1,26051,39.4,34109,27,154742,13.65,,
1083,2017-02-16,15,22,24,25,26,29,,16,,,3,4,0,1,5,0,0,0,2,101976.35,38,5614.9,650,183.45,1388,65.55,19587,40.55,27970,25.45,113777,14.35,,
1082,2017-02-09,11,16,21,23,31,33,,2,"23,31",,5,2,0,2,2,2,1,15000000,9,44847.6,65,6496.25,1429,165.15,2716,66.3,37936,41.4,55635,25.35,220936,14.6,,
1081,2017-02-02,20,23,28,31,35,40,,3,"23,40",,3,4,0,1,2,3,0,0,6,55668.75,51,6851.55,981,199.05,2137,69.75,31017,41.9,41307,28.25,188111,14.2,,
1080,2017-01-26,6,8,23,36,38,40,,2,,,1,6,2,0,1,3,0,0,1,232621.95,39,6239.95,777,175,1457,71.25,21378,42.35,30210,26.9,126428,14.7,,
1079,2017-01-19,10,22,31,32,33,35,,19,,,3,4,1,0,1,4,0,0,2,105996.55,32,6930.55,710,174.55,1451,65.2,20265,40.7,25576,28.95,120226,14.1,,
1078,2017-01-12,4,11,14,26,29,36,,17,36,,2,5,1,2,2,1,1,3000000,2,107928,46,4909.1,801,157.55,1546,62.3,21482,39.1,32121,23.45,122532,14.1,,
1077,2017-01-05,6,8,23,31,36,39,,15,"6,31",,3,4,2,0,1,3,1,55000000,11,121040.9,222,6274.35,4249,183.2,9058,65.6,130035,39.85,168416,27.6,765378,13.9,,
1076,2016-12-29,3,4,6,24,25,31,,13,4,,3,4,3,0,2,1,0,0,8,92300.85,114,6776.2,2211,195.25,5025,65.55,74644,38.5,95251,27.05,442748,13.35,,
1075,2016-12-22,4,10,16,26,29,39,,18,,,2,5,2,1,2,1,0,0,7,81539.65,118,5060.35,2188,152.5,4027,63.25,56901,39.05,77942,25.55,328718,13.9,,
1074,2016-12-15,8,13,22,30,36,37,,11,"13,37",,2,5,1,1,2,2,0,0,3,134957.85,50,8471.2,1224,193.4,2917,61.95,42188,37.35,52476,26.95,247271,13.1,,
1073,2016-12-08,3,5,13,20,37,38,,14,"37,38",,4,3,2,2,0,2,0,0,6,56349.55,54,6550.05,982,201.3,2221,67.9,31910,41.25,43475,27.15,189748,14.25,,
1072,2016-12-01,9,12,23,34,37,38,,7,12,,3,4,1,1,1,3,0,0,1,264154.2,28,9869.5,679,227.45,1732,68.05,25473,40.35,32408,28.45,151374,13.95,,
1071,2016-11-24,5,12,13,18,25,40,,5,40,,3,4,1,3,1,1,0,0,2,105004.45,53,4145.3,798,153.85,1745,53.7,23799,34.35,28800,25.45,131060,12.8,,
1070,2016-11-17,4,10,16,24,34,40,,11,,,0,7,2,1,1,2,1,3000000,5,41388.25,36,6013.65,721,167.8,1454,63.5,20743,38.85,27979,25.85,122346,13.55,,
1069,2016-11-10,7,19,23,26,30,37,,5,"23,26",,4,3,1,1,3,1,1,6000000,25,9909.75,61,4248.8,1033,140.2,1999,55.3,26827,35.95,37579,23,150573,13.15,,
1068,2016-11-03,8,22,23,26,35,40,,6,,,2,5,1,0,3,2,0,0,2,102863.65,40,5380.55,683,176.1,1468,62.5,20563,38.95,27245,26.35,118805,13.85,,
1067,2016-10-27,2,16,17,21,36,38,,7,,,2,5,1,2,1,2,1,6000000,3,82837.55,47,5531.55,605,240.15,1827,60.7,24659,39.25,29210,29.7,148442,13.4,,
1066,2016-10-20,5,8,12,22,25,34,,17,8,,2,5,2,1,2,1,0,0,2,107628.7,31,7264.25,675,186.45,1470,65.35,21210,39.5,30530,24.6,122676,14.05,,
1065,2016-10-13,2,6,8,13,31,36,,15,,13,2,5,3,1,0,2,2,12500000,6,89252.15,82,6832.05,1717,182.35,3730,64.05,53377,39.05,73234,25.55,309508,13.85,,
1064,2016-10-06,9,12,21,32,33,37,,18,,,4,3,1,1,1,3,0,0,2,196660.6,67,6141.4,1091,210.75,2500,70.2,36454,42,49551,27.7,219605,14.35,,
1063,2016-09-29,4,8,18,28,36,39,,18,28,,1,6,2,1,1,2,0,0,2,174405.7,81,4505.05,1194,170.8,2705,57.55,37643,36.05,47158,25.85,205539,13.6,,
1062,2016-09-22,14,16,20,23,28,33,,11,,,2,5,0,3,2,1,0,0,2,137322.05,47,6113.2,717,223.95,1850,66.25,27708,38.6,34395,27.9,163281,13.45,,
1061,2016-09-15,2,12,13,27,29,32,,12,,,3,4,1,2,2,1,0,0,1,209435.75,42,5216.7,644,190.1,1713,54.55,23387,34.85,28280,25.85,130730,12.8,,
1060,2016-09-08,9,10,17,25,28,31,,2,,,4,3,2,1,2,1,3,2000000,22,12096.45,40,6960.1,806,193.05,1910,62.15,26376,39.25,36282,25.6,151008,14.1,,
1059,2016-09-01,3,11,13,14,18,22,,9,22,,3,4,1,4,1,0,0,0,2,100027.2,43,4867.15,806,145.1,1590,56.15,22070,35.3,30566,22.85,123227,13,,
1058,2016-08-25,12,22,24,25,32,39,,11,,25,2,5,0,1,3,2,1,10000000,25,13776.55,72,5004.3,1202,167.5,2264,67.85,33358,40.2,41791,28.8,201072,13.7,,
1057,2016-08-18,3,9,18,33,37,40,,8,,18,4,3,2,1,0,3,0,0,1,245467.7,46,5582.55,721,199.05,1676,65.35,24260,39.4,30985,27.65,141971,13.85,,
1056,2016-08-11,4,7,12,17,24,35,,4,"17,24",,3,4,2,2,1,1,0,0,2,106910.15,41,5455.85,727,171.95,1828,52.2,24122,34.5,31368,23.8,131827,13,,
1055,2016-08-04,3,8,16,17,24,38,,5,24,,2,5,2,2,1,1,1,35000000,8,91136.3,103,7405.25,2097,203.25,5157,63.1,73553,38.6,95887,26.55,425901,13.7,,
1054,2016-07-28,1,5,21,24,32,36,,20,36,,3,4,2,0,2,2,0,0,8,65140.35,83,6568.35,1660,183.55,3399,68.4,50664,40.05,63055,28.85,302616,13.8,,
1053,2016-07-21,9,12,14,22,30,36,,3,30,,1,6,1,2,2,1,0,0,3,135527.8,56,7595.5,1154,205.95,2777,65.3,39544,40,53368,26.6,230867,14.1,,
1052,2016-07-14,6,8,13,26,30,31,,1,,,2,5,2,1,2,1,0,0,7,50709.1,45,8252.15,1200,172.95,2439,64.95,33837,40.85,49774,24.9,197076,14.4,,
1051,2016-07-07,4,9,14,22,23,32,,19,"4,14",,2,5,2,1,2,1,0,0,4,60673.55,46,5519.45,818,173.45,1602,67.6,24284,38.9,30106,28.15,142801,13.6,,
1050,2016-06-30,1,4,13,14,31,33,,12,,,4,3,2,2,0,2,0,0,5,39330.85,18,11429.5,566,203.1,1293,67.85,19013,40.25,24581,27.95,114970,13.7,,
1049,2016-06-23,8,10,17,35,36,40,,13,17,,2,5,2,1,0,3,1,3000000,3,66699.6,35,5980.95,541,216.25,1370,65.15,19847,39.25,23955,29.15,119723,13.35,,
1048,2016-06-16,3,11,17,24,29,37,,3,24,,5,2,1,2,2,1,2,3000000,20,11818.25,78,3170.2,855,161.6,1779,59.3,24487,37.55,31566,26.15,138150,13.7,,
1047,2016-06-09,5,7,13,24,31,38,,8,31,,4,3,2,1,1,2,0,0,3,70619,39,5682.95,770,160.85,1558,60.65,21832,37.75,29681,24.95,127886,13.25,,
1046,2016-06-02,2,10,19,25,31,39,,6,31,2,4,3,2,1,1,2,1,6044627.18,5,55324.5,43,6730,866,186.75,1801,68.55,25919,41.55,35106,27.5,154655,14.3,,
1045,2016-05-26,5,8,15,29,31,35,,9,29,,5,2,2,1,1,2,0,0,1,214161.65,40,5601.15,706,177.35,1528,62.55,21452,38.85,31035,24.1,124888,13.7,,
1044,2016-05-19,7,11,22,24,26,29,,20,26,,3,4,1,1,4,0,1,3000000,5,42278.85,50,4423,947,130.5,1697,55.6,23931,34.4,33122,22.3,130345,12.95,,
1043,2016-05-12,8,10,18,19,26,36,,5,,,1,6,2,2,1,1,2,1500000,21,10105.55,41,5414.9,766,161.95,1554,60.95,22561,36.6,29821,24.85,128492,13.2,,
1042,2016-05-05,1,2,11,20,25,38,,5,"2,20",,3,4,2,2,1,1,1,40000000,30,23429.75,116,6339.1,2328,176.5,5042,62.2,70612,38.75,93729,26.2,412599,13.65,,
1041,2016-04-28,2,8,9,20,24,31,,1,8,,2,5,3,1,1,1,0,0,9,57548.05,81,6689.35,1615,187.5,3554,65,50448,39.95,70570,25.65,289160,14.35,,
1040,2016-04-21,8,12,18,19,26,33,,6,,,2,5,1,3,1,1,0,0,7,59536.35,95,4589.35,1632,149.3,3092,60.15,42787,37.9,59994,24.25,245868,13.55,,
1039,2016-04-14,4,5,7,20,32,40,,14,"5,20",,2,5,3,1,0,2,0,0,5,73320.05,63,6087.6,1063,201.6,2483,65.85,36546,39.05,49330,25.95,212710,13.8,,
1038,2016-04-07,3,5,15,20,34,35,,13,"20,34",,4,3,2,2,0,2,0,0,6,46427.3,38,7668.95,920,177,2050,60.65,29022,37.35,36994,26.3,168626,13.2,,
1037,2016-03-31,19,20,23,31,32,34,,11,32,31,3,4,0,2,1,3,0,0,3,73849.95,36,6438.2,761,170.2,1511,65.4,22615,38.15,29152,26.55,132161,13.4,,
1036,2016-03-24,2,7,16,17,25,32,,14,7,,3,4,2,2,1,1,1,30000000,10,59903.8,97,6460.7,1907,183.65,4191,63.75,57711,40.4,80668,25.95,336394,14.25,,
1035,2016-03-17,6,7,15,29,34,36,,19,6,,3,4,2,1,1,2,0,0,9,50248.1,51,9276.55,1188,222.55,2891,69.8,44075,39.95,54472,29,266531,13.55,,
1034,2016-03-10,4,6,20,22,31,33,,18,20,,2,5,2,1,1,2,0,0,2,179955.75,50,7530.45,902,233.25,2398,66.95,34557,40.55,45868,27.4,204053,14.1,,
1033,2016-03-03,9,19,20,25,27,32,,5,"9,32",,4,3,1,2,2,1,0,0,3,107465.6,46,7332.1,837,225.2,2115,68,32431,38.7,40885,27.55,190700,13.5,,
1032,2016-02-25,9,13,14,15,32,38,,2,9,,3,4,1,3,0,2,0,0,2,129719.35,34,7982.75,620,244.65,1443,80.2,21969,45.95,29003,31.25,135934,15.25,,
1031,2016-02-18,9,12,16,18,20,29,,17,,18,2,5,1,4,1,0,0,0,0,0,37,12173.4,836,153.95,1428,68.8,21852,39.2,30949,24.85,124483,14.15,,
1030,2016-02-11,1,8,21,22,30,33,,5,,,3,4,2,0,3,1,1,25000000,7,77024.9,102,5530,1636,192.65,3892,61.8,54042,38.85,74433,25.3,315842,13.65,,
1029,2016-02-04,6,10,17,18,20,36,,2,17,,1,6,2,3,0,1,0,0,8,48679.3,61,6678.8,1136,200.4,2619,66.35,36860,41.1,52041,26.15,217140,14.35,,
1028,2016-01-28,2,9,17,29,31,33,,9,,,5,2,2,1,1,2,0,0,2,164693,58,5941.2,1015,189.7,2289,64.2,33829,37.9,41546,27.7,195815,13.45,,
1027,2016-01-21,19,20,22,23,26,36,,14,"19,23,36",,2,5,0,2,3,1,0,0,2,130516.6,48,5689.2,861,177.25,1915,60.8,26519,38.3,36569,24.95,152314,13.7,,
1026,2016-01-14,12,19,23,34,36,37,,20,"23,34",,3,4,0,2,1,3,0,0,0,0,41,11526.05,700,192.9,1617,63.7,23679,37.95,29055,27.75,138331,13.35,,
1025,2016-01-07,4,14,18,20,23,34,,18,"20,34",,1,6,1,3,1,1,1,70000000,14,113059.6,302,5483.05,5337,173.4,11422,61.85,158286,38.9,218142,25.35,910795,13.9,,
1024,2015-12-31,17,20,26,33,34,37,,17,26,,3,4,0,2,1,3,0,0,8,131015.75,168,6526.8,3143,194.95,7116,65.7,102634,39.75,131418,27.85,592454,14.15,,
1023,2015-12-24,1,8,15,26,32,38,,19,32,,2,5,2,1,1,2,0,0,8,105116.5,150,5864.95,2622,187.5,5591,67.1,81401,40.2,107532,27.3,480804,14,,
1022,2015-12-17,2,7,9,23,32,40,,9,,,3,4,3,0,1,2,0,0,5,102958.05,110,4895.9,1825,164.9,3657,62.8,52372,38.25,69066,26.05,301640,13.65,,
1021,2015-12-10,10,14,17,18,28,35,,9,,10,2,5,1,3,1,1,0,0,3,130078.4,63,6480.1,1190,191.7,2783,62.55,38471,39.5,53464,25.5,222200,14.05,,
1020,2015-12-03,2,7,11,19,21,25,,16,19,,5,2,2,2,2,0,0,0,9,39586.9,86,4334,1716,121.4,2789,57,36752,37.75,58577,21.25,204463,13.95,,
1019,2015-11-26,3,4,8,17,19,33,,9,,,4,3,3,2,0,1,0,0,2,137079.3,47,6102.4,1063,150.8,2015,60.7,29468,36.2,39740,24.1,167779,13.05,,
1018,2015-11-19,2,5,13,16,23,38,,18,,,3,4,2,2,1,1,0,0,2,113669.2,30,7927.7,638,208.3,1662,61.05,22883,38.65,30686,25.85,129892,14,,
1017,2015-11-12,1,3,15,19,26,35,,18,19,,5,2,2,2,1,1,3,23333333.34,10,160403.05,270,6215.05,5509,170.2,10881,65.75,155992,40,211396,26.5,915021,14,,
1016,2015-11-05,13,17,19,20,24,31,,19,24,,4,3,0,4,1,1,0,0,12,78795.7,152,6507.8,2824,195.75,6707,62.9,98188,37.5,121354,27.2,569253,13.3,,
1015,2015-10-29,4,10,23,24,26,34,,5,,,1,6,2,0,3,1,0,0,8,70288.45,118,4985.25,2150,152.9,3890,64.5,56167,38.95,77418,25.35,326479,13.8,,
1014,2015-10-22,9,12,18,31,35,38,,10,,,3,4,1,2,0,3,0,0,5,75258.5,61,6453.45,1230,178.85,2334,71.95,35304,41.5,45861,28.65,211704,14.2,,
1013,2015-10-15,6,7,13,20,23,29,,18,"6,13,20",,4,3,2,2,2,0,0,0,3,108557.35,64,5323.5,1226,155.3,2432,59.75,33432,37.9,49710,22.9,189017,13.8,,
1012,2015-10-08,5,6,13,20,27,35,,3,"5,27",,4,3,2,2,1,1,0,0,5,49006.85,55,4660.8,1042,137.5,1733,63.1,24450,39,34693,24.65,142826,13.7,,
1011,2015-10-01,3,5,16,17,27,40,,18,16,,4,3,2,2,1,1,0,0,2,97349.65,20,10184.25,566,201.1,1345,64.6,19100,39.7,27594,24.65,111001,14.05,,
1010,2015-09-24,7,15,16,21,34,39,,5,"7,16,21,39",,4,3,1,2,1,2,1,6000000,4,59822.6,38,6587.75,741,188.8,1530,69.8,22154,42.05,30867,27.05,136125,14.05,,
1009,2015-09-17,7,16,21,38,39,40,,10,38,,3,4,1,1,1,3,0,0,0,0,33,12533.9,573,206.25,1285,70.2,18870,41.7,24403,28.95,112930,14.3,,
1008,2015-09-10,11,12,15,24,29,38,,15,15,,3,4,0,3,2,1,1,15000000,9,47578.25,52,8614.75,1310,191.1,3026,63.15,44087,37.8,55197,27.1,255783,13.4,,
1007,2015-09-03,3,15,21,30,32,33,,17,,3,4,3,1,1,2,2,0,0,3,103006.5,44,7347.3,925,195.3,1954,70.55,29014,41.45,39188,27.55,168890,14.65,,
1006,2015-08-27,2,5,6,11,23,28,,14,2,,3,4,3,1,2,0,0,0,7,36455.4,55,4853.9,1105,135,2050,55.55,27232,36.45,41623,21.4,150601,13.55,,
1005,2015-08-20,2,3,17,19,20,33,,1,,20,4,3,2,3,0,1,0,0,2,104655.8,37,5918.15,597,204.95,1357,68.8,18796,43.35,27101,26.95,112517,14.9,,
1004,2015-08-13,1,5,11,12,26,39,,14,"5,26",,4,3,2,2,1,1,1,10000000,1,310438.8,57,5697.65,1031,176.05,2295,60.35,31701,38.1,42382,25.6,184813,13.45,,
1003,2015-08-06,5,7,16,17,25,26,,17,7,,4,3,2,2,2,0,0,0,6,39832.55,44,5682.4,892,156.65,1890,56.4,25708,36.2,34025,24.55,143037,13.35,,
1002,2015-07-30,1,3,7,20,21,36,,19,"3,21",,4,3,3,1,1,1,0,0,4,50176.95,32,6561.6,672,174.6,1545,57.95,20835,37.5,28886,24.25,118388,13.55,,
1001,2015-07-23,3,9,21,25,27,32,,18,25,,5,2,2,0,3,1,1,50000000,14,74708.2,169,6474.5,3354,182.3,7438,62.75,103954,39.15,140354,26,600589,13.95,,
1000,2015-07-16,2,5,11,18,25,39,,2,2,,4,3,2,2,1,1,0,0,9,75381.3,123,5770.3,2168,182.95,4877,62.05,68268,38.7,89318,26.55,392038,13.85,,
999,2015-07-09,2,17,19,24,27,35,,11,17,,4,3,1,2,2,1,0,0,5,86177,76,5931.2,1412,178.4,3087,62.25,45006,37.25,55556,27.1,261431,13.2,,
998,2015-07-02,7,17,23,26,37,39,,12,"26,37",,5,2,1,1,2,2,0,0,9,41773.1,65,6050.9,1232,178.4,2731,61.4,38384,38.1,50953,25.75,221612,13.55,,
997,2015-06-25,1,4,24,25,26,37,,19,"25,37",25,3,4,2,0,3,1,0,0,2,129286.3,37,7311,734,205.95,1710,67.45,24893,40.45,31779,28.4,147009,14.05,,
996,2015-06-18,10,15,22,25,34,37,,19,,,3,4,1,1,2,2,0,0,1,201373.25,27,7802.5,644,182.8,1330,67.55,19062,41.1,24757,28.4,113444,14.2,,
995,2015-06-11,14,16,17,18,32,35,,1,16,,2,5,0,4,0,2,2,3007285.04,3,88275.2,41,6757.3,628,246.55,1514,78.05,22524,45.75,30906,29.9,135002,15.7,,
994,2015-06-04,3,4,8,16,21,33,,8,,4,3,4,3,1,1,1,0,0,5,44751,47,4980.45,859,152.3,1847,54.05,25766,33.8,32462,24.05,140362,12.75,,
993,2015-05-28,25,26,29,31,37,39,,2,31,,5,2,0,0,3,3,1,50000000,9,119603.1,168,6703.05,3689,170.6,6992,68.7,101930,41.1,141566,26.55,595964,14.45,,
992,2015-05-21,6,13,14,31,35,40,,16,"13,31",,3,4,1,2,0,3,0,0,6,100779.25,90,7028.7,1597,221.35,3818,70.65,56253,41.85,74792,28.25,335777,14.4,,
991,2015-05-14,5,13,27,29,31,38,,1,,,5,2,1,1,2,2,0,0,3,126212.3,65,6094.05,1557,142.15,2641,63.95,35419,41.6,56073,23.6,207323,14.6,,
990,2015-05-07,10,19,20,22,32,33,,12,,,2,5,1,2,1,2,0,0,0,0,31,19634.65,760,228.8,1954,67.9,30167,38.4,36403,28.55,178948,13.3,,
989,2015-04-30,6,15,18,24,35,37,,15,,,3,4,1,2,1,2,0,0,3,80967.3,36,7058.7,656,216.45,1633,66.35,23818,39.7,28882,29.35,137849,14.1,,
988,2015-04-23,2,9,25,27,32,34,,8,"25,27",,3,4,2,0,2,2,0,0,0,0,30,14014.25,520,231,1270,72.2,19306,41.45,24231,29.6,117559,14,,
987,2015-04-16,6,8,18,25,27,29,,2,6,,3,4,2,1,3,0,2,3000000,5,50211.15,48,5471.75,910,161.3,1704,65.75,24901,39.25,35200,24.9,141994,14.15,,
986,2015-04-09,6,9,17,23,30,37,,11,"9,23",9,4,3,2,1,2,1,0,0,4,49160.4,37,5559.95,686,167.6,1350,65,20082,38.1,25317,27.15,120938,13,,
985,2015-04-02,5,9,11,23,24,33,,13,,,5,2,2,1,2,1,1,30000000,27,25039.6,153,4622.7,2320,170.35,5147,58.6,73590,35.75,94885,24.9,415894,13,,
984,2015-03-26,1,10,15,19,25,35,,18,35,,5,2,2,2,1,1,0,0,6,62341.25,70,5590.15,1254,174.4,2433,68.6,35761,40.7,51729,25.25,207721,14.4,,
983,2015-03-19,7,8,14,18,24,35,,15,8,,2,5,2,2,1,1,0,0,4,85328.25,71,5029.1,1125,177.35,2417,63,34142,38.9,45781,26.05,199246,13.7,,
982,2015-03-12,4,6,8,23,32,40,,1,"4,6,23,32",,1,6,3,0,1,2,0,0,3,88606.75,33,8426.95,810,191.85,1729,68.6,24965,41.45,35959,25.8,143787,14.8,,
981,2015-03-05,2,4,6,23,28,32,,7,,,1,6,3,0,2,1,0,0,4,51488.7,36,5985,739,162.95,1479,62.15,22579,35.5,27027,26.6,127322,12.95,,
980,2015-02-26,5,8,18,19,22,36,,9,36,,2,5,2,2,1,1,1,15260074.71,4,113045.4,89,5315.2,1651,160.1,3621,55.7,48666,36.15,67242,23.5,270977,13.35,,
979,2015-02-19,3,4,7,27,36,38,,11,3,,3,4,3,0,1,2,0,0,5,71786.25,58,6474.1,1057,198.5,2667,60.05,38835,35.95,47074,26.65,223913,12.8,,
978,2015-02-12,1,3,5,11,28,39,,10,,,5,2,3,1,1,1,0,0,3,76905.4,45,5363.65,780,172.9,1759,58.5,24650,36.45,34971,23.05,138074,13.35,,
977,2015-02-05,16,21,22,29,31,36,,13,,,3,4,0,1,3,2,0,0,2,98838.3,32,6462.5,632,182.85,1282,68.8,20335,37.85,24454,28.25,120360,13.15,,
976,2015-01-29,3,6,18,32,35,37,,2,,,3,4,2,1,0,3,1,6000000,2,124887.05,30,8710.05,711,205.4,1398,79.7,21219,45.8,30400,28.7,128858,15.5,,
975,2015-01-22,13,17,22,25,38,40,,2,13,22,3,4,0,2,2,2,0,0,1,197557.65,35,5905,582,198.45,1233,71.5,17949,42.85,24638,28,104428,15.15,,
974,2015-01-15,5,13,20,26,31,37,,3,37,,4,3,1,2,1,2,1,3000000,6,33004.05,31,6682.7,729,158.8,1342,65.85,19143,40.25,28045,24.65,111098,14.25,,
973,2015-01-08,2,10,15,32,34,37,,5,"32,34",,2,5,2,1,0,3,1,3000000,4,49619.35,31,6698,565,205.35,1125,78.7,17414,44.35,22161,31.3,108024,14.7,,
972,2015-01-01,18,24,25,27,32,34,,6,32,,2,5,0,1,3,2,1,20000000,3,136428.85,60,7136.3,1122,213.25,2664,68.55,39024,40.8,50036,28.55,232976,14.05,,
971,2014-12-25,13,16,19,31,32,38,,5,38,,3,4,0,3,0,3,0,0,3,131840.9,52,7957.25,1149,201.25,2755,64.05,39322,39.15,50359,27.45,233049,13.6,,
970,2014-12-18,14,24,33,35,36,38,,2,36,,2,5,0,1,1,4,0,0,2,147357.35,39,7905.55,821,209.85,1678,78.35,25613,44.8,36039,28.55,154214,15.3,,
969,2014-12-11,7,9,20,31,32,36,,19,36,,3,4,2,1,0,3,0,0,3,75377.8,22,10753.2,575,229.9,1472,68.55,21841,40.3,28025,28.2,132559,13.65,,
968,2014-12-04,4,5,6,8,36,39,,8,5,4,2,5,4,0,0,2,0,0,4,49875.95,28,7454,553,210.9,1458,61.05,21461,36.2,25199,27.65,127259,12.55,,
967,2014-11-27,3,5,10,22,32,37,,13,37,,3,4,3,0,1,2,1,6000000,19,12988.95,31,8328.4,622,231.95,1684,65.4,25700,37.4,32027,26.9,156104,12.65,,
966,2014-11-20,7,24,25,26,36,37,,12,7,,3,4,1,0,3,2,0,0,1,212317.65,36,6169.9,612,202.8,1485,63.8,21067,39.25,25371,29.25,129195,13.15,,
965,2014-11-13,4,5,7,14,19,28,,18,5,,3,4,3,2,1,0,2,7549134.04,24,18642.85,83,5639.5,1758,148.8,3487,57.25,49055,35.5,74125,21.1,270599,13.25,,
964,2014-11-06,5,12,21,27,29,39,,19,,,5,2,1,1,3,1,0,0,5,66312.9,69,5027.05,1078,179.8,2638,56.1,36043,35.8,49438,23.4,202247,13.1,,
963,2014-10-30,1,4,6,15,30,36,,5,30,30,2,5,3,1,1,1,0,0,1,233347.15,41,5954.05,710,192.15,1666,62.5,23571,38.55,31460,25.9,138446,13.5,,
962,2014-10-23,13,19,22,24,30,39,,11,13,,3,4,0,2,3,1,0,0,1,214740.55,39,5760.3,701,179.1,1561,61.4,23264,35.95,28528,26.3,136159,12.6,,
961,2014-10-16,4,9,13,18,26,34,,3,26,,2,5,2,2,1,1,3,16666666.67,16,78166.55,217,6029.45,4059,180.15,8916,62.6,127389,38.2,172988,25.25,737655,13.55,,
960,2014-10-09,2,24,25,26,29,35,,8,25,,3,4,1,0,4,1,0,0,6,148462.4,129,7223.95,2505,207.9,6173,64.4,90536,38.3,112893,27.55,531381,13.4,,
959,2014-10-02,13,17,18,23,25,27,,1,27,,5,2,0,3,3,0,0,0,7,88068.85,101,6385.5,2124,169.7,4503,61.1,61664,38.9,89643,24,351388,14.05,,
958,2014-09-25,9,19,27,31,32,40,,1,,,4,3,1,1,1,3,0,0,10,40103.4,66,6356.7,1234,190,2677,66.85,38203,40.85,54145,25.85,224273,14.3,,
957,2014-09-18,3,10,11,16,34,35,,4,16,,3,4,2,2,0,2,0,0,4,74997.75,36,8717.7,803,218.4,1857,72.05,28941,40.35,37819,27.7,172502,13.9,,
956,2014-09-11,4,16,18,30,39,40,,19,18,,1,6,1,2,1,2,0,0,7,36317.05,35,7598.65,721,206.15,1649,68.8,24640,40.15,32736,27.1,146163,13.9,,
955,2014-09-04,2,17,18,24,25,26,,6,26,,2,5,1,2,3,0,0,0,3,72679.7,34,6708.9,774,164.7,1482,65.65,21015,40.4,30118,25.3,124179,14.05,,
954,2014-08-28,9,11,14,23,26,28,,11,,28,3,4,1,2,3,0,1,3000000,1,217249.1,51,4456.4,763,166.45,1972,49.15,26498,31.9,33304,22.8,146860,11.85,,
953,2014-08-21,5,7,8,19,32,40,,12,8,,3,4,3,1,0,2,2,35904620.67,27,74016.15,356,5872.65,6581,177.55,15223,58.55,211202,36.85,285992,24.4,1219107,13.1,,
952,2014-08-14,1,8,12,26,31,38,,6,"12,26,31",,2,5,2,1,1,2,0,0,20,63589.2,208,6396.55,4261,174.5,8957,63.35,126765,39.05,173076,25.65,745704,13.65,,
951,2014-08-07,7,12,26,27,31,32,,12,31,7,3,4,1,1,2,2,0,0,10,84754.55,145,6114.9,2841,174.4,6361,59.45,92278,35.75,115655,25.6,530246,12.8,,
950,2014-07-31,5,16,23,24,31,37,,15,31,31,4,3,1,1,2,2,0,0,6,90839.85,87,6553.95,1637,194.65,3920,62.05,54885,38.65,74611,25.5,325379,13.4,,
949,2014-07-24,1,8,11,15,21,31,,20,"1,31",,5,2,2,2,1,1,0,0,5,78358.4,110,3726.15,1979,115.75,3232,54.1,42643,35.75,62055,22.05,241498,13,,
948,2014-07-17,1,6,9,31,38,39,,10,,,4,3,3,0,0,3,0,0,3,113953.25,52,6877.65,972,205.6,2113,72.2,32251,41.25,41519,28.75,197200,13.85,,
947,2014-07-10,10,13,15,20,21,33,,2,,10,4,3,1,3,1,1,0,0,4,61767.1,38,6801.9,785,184,1690,65.25,23926,40.2,32975,26.15,138244,14.3,,
946,2014-07-03,26,27,28,31,36,38,,15,,,2,5,0,0,3,3,0,0,6,31772.55,37,5390.1,641,173.85,1250,68.05,18042,41.15,23767,28,109322,13.95,,
945,2014-06-26,2,9,10,20,32,33,,7,32,,2,5,3,1,0,2,1,6000000,1,215878.6,35,6452.65,533,236.8,1301,74.05,21139,39.75,26453,28.5,129693,13.3,,
944,2014-06-19,17,26,30,32,35,40,,19,32,,2,5,0,1,2,3,0,0,4,48935.5,23,8903.3,580,197.3,1190,73.4,18899,40.3,24050,28.4,111853,14,,
943,2014-06-12,6,19,24,29,32,39,,7,6,,3,4,1,1,2,2,1,25000000,29,19737.95,106,5649.25,2278,146.9,4173,61.2,59158,37.65,77368,25.85,344866,13.3,,
942,2014-06-05,3,6,11,14,17,35,,4,14,,4,3,2,3,0,1,0,0,1,401429.05,46,9129.5,1235,190.05,2604,68.8,39897,39.15,54427,25.75,233042,13.8,,
941,2014-05-29,2,14,15,21,22,32,,15,,,2,5,1,2,2,1,0,0,5,60940.9,47,6782.3,873,204.05,2048,66.4,30409,39,38268,27.8,180714,13.5,,
940,2014-05-22,3,4,6,12,13,20,,1,,,2,5,3,3,0,0,0,0,6,36056.55,43,5263.35,963,131.35,1766,54.65,22817,36.9,35506,21.3,122266,14.15,,
939,2014-05-15,8,30,32,34,35,36,,4,"8,34",,1,6,1,0,1,4,0,0,1,177339.85,31,5984.65,580,178.75,1036,76.35,15125,45.65,21840,28.35,93420,15.2,,
938,2014-05-08,7,8,13,21,28,34,,4,"21,28",8,3,4,2,1,2,1,1,6000000,5,44145.6,37,6240.95,1012,127.5,1697,58.05,23800,36.1,36407,21.15,134736,13.1,,
937,2014-05-01,5,21,28,33,36,37,,2,"21,33,36",,4,3,1,0,2,3,0,0,1,194934.3,34,5998,597,190.9,1272,68.35,17564,43.2,25350,26.85,103741,15.05,,
936,2014-04-24,8,15,19,21,33,36,,3,8,,4,3,1,2,1,2,1,6000000,2,124846.35,47,5557.8,618,236.2,1797,62,25003,38.85,34823,25.05,146199,13.65,,
935,2014-04-17,8,11,16,20,23,29,,9,29,,3,4,1,3,2,0,0,0,5,40893.1,54,3961.15,941,127.05,1630,55.95,22486,35.4,31957,22.35,125931,13,,
934,2014-04-10,21,22,29,36,38,39,,12,29,,3,4,0,0,3,3,1,40000000,36,22598.2,133,6399.15,2687,177,5745,63.2,85308,37.1,106980,26.55,500784,13,,
933,2014-04-03,16,18,27,28,29,32,,2,,,2,5,0,2,3,1,0,0,9,60057.2,86,6575.15,1606,196.75,3606,66.9,52189,40.3,73420,25.7,307378,14.05,,
932,2014-03-27,2,15,19,21,34,39,,10,"34,39",,4,3,1,2,1,2,0,0,5,69824.25,62,5890.9,1081,188.8,2336,66.7,34113,39.85,45774,26.65,204308,13.65,,
931,2014-03-20,11,20,22,27,34,39,,6,,20,3,4,0,2,2,2,0,0,1,287059.15,51,5888.4,975,172.1,2049,62.5,28451,39.25,40630,24.65,165538,13.85,,
930,2014-03-13,3,4,9,31,37,38,,6,38,,4,3,3,0,0,3,0,0,4,52458.1,39,5628.65,553,221.85,1320,70.9,19745,41.35,23829,30.75,124013,13.55,,
929,2014-03-06,20,21,24,26,28,38,,15,,,1,6,0,1,4,1,0,0,5,36883.6,29,6652.75,543,198.55,1218,67.55,18122,39.6,24261,26.55,107232,13.75,,
928,2014-02-27,1,14,18,22,30,34,,17,,,1,6,1,2,2,1,1,6000000,1,226799.95,37,6412.65,725,182.9,1512,66.9,20999,42.05,29440,26.9,126742,14.3,,
927,2014-02-20,4,6,25,26,29,40,,18,6,,2,5,2,0,3,1,0,0,2,96345.2,32,6299.5,494,228.05,1318,65.25,18755,40,25383,26.5,113035,13.65,,
926,2014-02-13,6,8,11,13,24,34,,7,13,13,2,5,2,2,1,1,2,5000000,24,12575,76,4154.35,995,177.3,2357,57.15,33595,34.95,42946,24.55,192614,12.55,,
925,2014-02-06,3,5,7,10,13,22,,15,13,,4,3,4,1,1,0,0,0,15,15259.8,56,4276.1,1285,104.15,2035,50.2,26719,33.35,42542,18.8,142648,12.85,,
924,2014-01-30,9,13,14,15,29,32,,17,"9,14",,4,3,1,3,1,1,0,0,4,48893.35,33,6200,604,189.3,1331,65.55,19358,39.3,24944,27.4,114486,13.65,,
923,2014-01-23,7,9,14,24,28,31,,11,,,3,4,2,1,2,1,2,7500000,5,76864.1,81,4963.7,1337,168.05,3007,57,42270,35.4,55288,24.3,242167,12.7,,
922,2014-01-16,19,26,27,33,34,37,,20,19,,4,3,0,1,2,3,0,0,5,69330.85,62,5849.25,1030,196.75,2409,64.2,34976,38.6,44438,27.25,207817,13.35,,
921,2014-01-09,14,18,19,20,24,29,,11,29,,2,5,0,4,2,0,0,0,5,48853,46,5555.2,748,190.9,1902,57.3,27366,34.75,34775,24.55,155495,12.55,,
920,2014-01-02,4,8,13,29,36,38,,3,,,2,5,2,1,1,2,0,0,0,0,37,9767.75,645,160.1,1212,65,17460,39.4,25000,24.65,101504,13.9,,
919,2013-12-26,3,7,16,25,35,39,,13,35,,5,2,2,1,1,2,1,50000000,8,99768.85,120,6958.25,2500,186.65,5440,65.45,80167,38.75,102095,27.3,476642,13.4,,
918,2013-12-19,10,11,12,30,32,35,,10,,,2,5,1,2,1,2,0,0,5,135994.6,92,7732.15,1855,214.3,4693,64.65,68741,38.5,86127,27.55,398539,13.65,,
917,2013-12-12,16,24,33,37,39,40,,1,"16,37",,3,4,0,1,1,4,0,0,4,121327.65,70,7253,1502,188.9,3110,69.6,44145,42.8,61732,27.45,256169,15.15,,
916,2013-12-05,4,6,11,16,21,37,,3,37,,3,4,2,2,1,1,0,0,5,78139.9,56,7298.8,1208,189.1,2653,65.7,39414,38.6,52556,25.95,225506,13.85,,
915,2013-11-28,12,18,20,22,23,37,,5,,,2,5,0,3,2,1,0,0,6,55521.3,59,5906.85,1132,172.05,2228,66.7,33343,38.9,44664,26.05,194769,13.7,,
914,2013-11-21,1,10,16,19,27,34,,10,16,,3,4,2,2,1,1,0,0,3,98886.7,58,5350.9,804,215.7,2214,59.8,30723,37.6,38229,27.1,175044,13.55,,
913,2013-11-14,5,8,15,16,18,29,,19,,,3,4,2,3,1,0,0,0,4,57971.05,45,5390.8,915,148.15,1816,56.95,25212,35.8,36243,22.35,138751,13.35,,
912,2013-11-07,9,13,14,25,27,34,,15,"13,34",,4,3,1,2,2,1,0,0,3,65470.65,31,6628.3,542,211.85,1282,68.35,18629,41.05,24923,27.5,111067,14.15,,
911,2013-10-31,4,13,17,28,34,36,,19,,,2,5,1,2,1,2,1,3000000,1,190912.55,32,6241.35,554,201.45,1350,63.1,19138,38.85,24787,26.9,112461,13.6,,
910,2013-10-24,2,12,14,20,30,38,,15,"12,30",,0,7,1,3,1,1,1,30000000,6,91218.15,91,6291.95,1751,182.75,3801,64.25,53583,39.75,72705,26.3,310534,14.1,,
909,2013-10-17,4,8,12,13,19,30,,2,"4,13,19",,2,5,2,3,1,0,0,0,12,35826.65,91,4942.45,1735,144.85,3219,59.6,43386,38.55,65669,22.85,243404,14.15,,
908,2013-10-10,4,13,19,27,32,39,,16,,,4,3,1,2,1,2,0,0,2,155817.85,52,6269.6,961,189.6,2050,67.8,29069,41.75,40678,26.75,173851,14.35,,
907,2013-10-03,9,10,18,30,31,33,,10,9,,3,4,2,1,1,2,0,0,9,26745.95,25,10072.95,619,227.35,1635,65.7,24496,38.25,28971,29,143016,13.45,,
906,2013-09-26,7,9,12,17,23,40,,8,"7,9",,4,3,2,2,1,1,0,0,1,203553.2,29,7343.05,735,161.9,1563,58.1,21928,36.15,30526,23.3,124046,13.15,,
905,2013-09-19,4,7,9,19,20,29,,12,29,19,4,3,3,2,1,0,1,30000000,29,19622.25,128,4650.85,2194,151.65,4580,55.45,62333,35.55,87370,22.75,348326,13.05,,
904,2013-09-12,5,15,22,29,36,40,,4,,,3,4,1,1,2,2,0,0,5,88096.15,86,5358.25,1792,143.7,3146,62.45,42363,40.45,63216,24.35,248932,14.15,,
903,2013-09-05,2,10,12,14,16,20,,8,,,0,7,2,4,0,0,0,0,10,30159.1,82,3847.7,1070,164.8,2197,61.25,30981,37.9,41903,25.15,177455,13.6,,
902,2013-08-29,3,4,6,29,34,39,,7,6,29,3,4,3,0,1,2,0,0,2,113720.9,33,7210.3,635,209.4,1563,64.9,23424,37.8,27625,28.75,135944,13.4,,
901,2013-08-22,6,10,15,24,32,37,,11,,,2,5,2,1,1,2,0,0,2,98729.25,29,7123.15,583,198,1246,70.7,18502,41.55,22781,30.25,114741,13.75,,
900,2013-08-15,3,9,12,14,23,27,,12,23,,4,3,2,2,2,0,1,20000000,4,110395.45,94,4914.5,1639,157.5,3585,54.95,48627,35.35,65282,23.6,269037,13.15,,
899,2013-08-08,1,8,20,22,23,25,,12,23,8,3,4,2,1,3,0,0,0,3,96886.55,48,6334.9,899,189,2013,64.4,29653,38.15,39256,25.85,172658,13.45,,
898,2013-08-01,4,16,18,23,24,29,,8,23,,2,5,1,2,3,0,0,0,2,124041.4,42,6179.35,800,181.3,1813,61.05,26188,36.85,34431,25.15,148752,13.35,,
897,2013-07-25,6,7,20,23,28,40,,15,,,2,5,2,1,2,1,0,0,2,102398.35,32,6695.3,719,166.5,1554,58.8,21424,37.2,28653,24.95,124059,13.2,,
896,2013-07-18,15,26,29,30,32,36,,4,15,,2,5,0,1,3,2,1,30000000,9,66080.65,84,7406.85,1730,200.95,3651,72.7,55967,41.35,75815,27.4,329853,14.4,,
895,2013-07-11,9,10,15,21,35,38,,9,,,4,3,2,1,1,2,0,0,11,42212.2,65,7473.3,1441,188.4,3317,62.45,45642,39.6,61652,26.3,265451,14,,
894,2013-07-04,1,8,14,16,17,23,,11,,,3,4,2,3,1,0,0,0,1,308173.4,73,4416.4,967,186.3,2248,61.15,31758,37.75,41836,25.75,188558,13.05,,
893,2013-06-27,3,4,10,25,28,32,,9,,,2,5,3,0,2,1,0,0,0,0,47,8599.25,736,156.9,1260,69.95,19039,40.4,24894,27.7,113900,13.85,,
892,2013-06-20,5,8,17,19,33,37,,14,,,5,2,2,2,0,2,0,0,4,48483.45,29,6996,633,179.1,1381,62.65,19557,38.6,27438,24.7,111615,13.9,,
891,2013-06-13,11,12,13,24,25,38,,7,,13,3,4,0,3,2,1,1,10000000,2,144214.25,55,5486.2,954,176.75,1966,65.45,30101,37.3,37130,27.15,175910,13.1,,
890,2013-06-06,5,14,16,20,26,29,,8,"26,29",,2,5,1,3,2,0,0,0,2,115216.35,41,5879.7,694,194.1,1688,60.9,23781,37.7,31140,25.85,136838,13.45,,
889,2013-05-30,10,19,26,29,34,37,,16,"10,26",,3,4,1,1,2,2,0,0,4,50609.9,29,7302.85,612,193.4,1335,67.65,19389,40.65,26895,26.3,111979,14.45,,
888,2013-05-23,1,6,10,14,26,27,,7,26,,2,5,3,1,2,0,1,10000000,6,56382.95,72,4915.45,1253,157.85,2585,58.4,35904,36.65,47027,25.1,207540,13.05,,
887,2013-05-16,4,23,24,26,31,40,,13,"4,23,26",,2,5,1,0,3,2,0,0,4,64822.9,59,4597.6,800,189.5,1771,65.3,27111,37.25,32466,27.9,161030,12.9,,
886,2013-05-09,2,4,23,26,30,33,,4,"4,23",,2,5,2,0,3,1,0,0,2,100715.4,26,8104.9,484,243.3,1320,68.1,19792,39.6,24555,28.65,116188,13.85,,
885,2013-05-02,4,10,23,34,37,39,,20,4,,3,4,2,0,1,3,2,31027691.7,30,46203.5,232,6250.35,4252,190.6,8978,68.9,133956,40.3,174630,27.7,793941,13.95,,
884,2013-04-25,4,13,17,18,22,26,,20,,,2,5,1,3,2,0,0,0,11,91380.75,203,5180.2,3697,158.95,7734,58,104496,37.45,142116,24.7,596725,13.5,,
883,2013-04-18,20,25,29,32,33,34,,2,,,3,4,0,1,2,3,0,0,6,144949.15,138,6593,2518,201.9,5666,68.5,80342,42.15,108184,28.05,478915,14.55,,
882,2013-04-11,4,7,24,28,35,40,,12,"7,35",,2,5,2,0,2,2,0,0,3,208884.2,108,6070.15,2082,175.95,4488,62.3,63470,38.45,84527,25.9,368412,13.6,,
881,2013-04-04,7,21,34,35,38,39,,5,21,,4,3,1,0,1,4,0,0,0,0,65,13598.1,1170,215.85,2799,68.85,40419,41.6,55145,27.35,240197,14.4,,
880,2013-03-28,2,5,21,26,27,28,,19,26,28,3,4,2,0,4,0,0,0,6,53719,78,4322.95,1252,150.5,2630,54.7,34649,36.2,46058,24.45,195192,13.2,,
879,2013-03-21,3,22,26,32,34,38,,18,,,1,6,1,0,2,3,0,0,2,103582.15,24,9030.25,557,217.45,1304,70.9,18684,43.15,25465,28.4,113224,14.65,,
878,2013-03-14,5,9,23,30,35,37,,18,,,5,2,2,0,2,2,0,0,2,96860.1,22,9211.85,670,169.05,1172,73.75,18386,41,24644,27.45,110135,14.05,,
877,2013-03-07,8,16,19,25,26,29,,5,,,3,4,1,2,3,0,1,3000000,2,100698.1,47,4482.8,613,192.05,1472,61.05,20913,37.5,27643,25.45,118010,13.65,,
